﻿name,country
RSV115,USA - NMH
RSV255,USA - NMH
JX576730,Belgium
JX576731,Belgium
JX576732,Belgium
JX576733,Netherlands
JX576734,Netherlands
JX576735,Netherlands
JX576736,Netherlands
JX576737,Netherlands
JX576738,Netherlands
JX576739,Netherlands
JX576740,Netherlands
JX576741,Netherlands
JX576742,Netherlands
JX576743,Netherlands
JX576744,Netherlands
JX576745,Netherlands
JX576746,Netherlands
JX576747,Netherlands
JX576748,Netherlands
JX576749,Netherlands
JX576750,Netherlands
JX576751,Netherlands
JX576752,Netherlands
JX576753,Netherlands
JX576754,Netherlands
JX576755,Netherlands
JX576756,Netherlands
JX576757,Netherlands
JX576758,Netherlands
JX576759,Netherlands
JX576760,Netherlands
JX576761,Netherlands
KF893260,Netherlands
KM042393,USA
KM517573,China
KP317917,Kenya
KP317923,Kenya
KP317927,Kenya
KP317928,Kenya
KP317932,Kenya
KP317934,Kenya
KP317945,Kenya
KP317952,Kenya
KP663729,South Korea
KP663730,South Korea
KJ939919,Vietnam
KJ939920,Vietnam
KJ939921,Vietnam
KJ939922,Vietnam
KJ939923,Vietnam
KJ939924,Vietnam
KJ939925,Vietnam
KJ939926,Vietnam
KJ939927,Vietnam
KJ939928,Vietnam
KJ939929,Vietnam
KJ939930,Vietnam
KJ939931,Vietnam
KJ939932,Vietnam
KJ939933,Vietnam
KJ939934,Vietnam
KP856961,USA
KP856963,USA
KP856965,USA
KP856966,USA
KU839623,USA
KU839625,USA
KU839627,USA
KU839628,USA
KU839629,USA
KU839632,USA
KU839633,USA
KU839634,USA
KU839635,USA
KU839636,USA
KU839638,USA
KU839640,USA
KU839641,USA
KY249656,United Kingdom
KY249657,United Kingdom
KY249658,United Kingdom
KY249659,United Kingdom
KY249660,United Kingdom
KY249661,United Kingdom
KY249662,United Kingdom
KY249663,United Kingdom
KY249664,United Kingdom
KY249665,United Kingdom
KY249666,United Kingdom
KY249667,United Kingdom
KY249668,United Kingdom
KY249669,United Kingdom
KY249670,United Kingdom
KY249671,United Kingdom
KY249672,United Kingdom
KY249673,United Kingdom
KY249674,United Kingdom
KY249675,United Kingdom
KY249676,United Kingdom
KY249677,United Kingdom
KY249678,United Kingdom
KY249679,United Kingdom
KY249680,United Kingdom
KY249681,United Kingdom
KY249682,United Kingdom
KY249683,United Kingdom
KY684758,USA
KY674983,USA
MF001040,USA
MF001042,USA
MF001044,USA
MF001045,USA
MF001046,USA
MF001048,USA
MF001055,USA
MF001058,USA
MF973154,USA
MG642025,USA
MG642027,USA
MG642036,USA
MG642037,USA
MG642039,USA
MG642042,USA
MG642043,USA
MG642044,USA
MG642045,USA
MG642046,USA
MG642047,USA
MG642049,USA
MG642051,USA
MG642054,USA
MG642057,USA
MG642059,USA
MG642062,USA
MG642064,USA
MG642065,USA
MG642066,USA
MG642068,USA
MG642072,USA
MG642076,USA
MG642078,USA
MG642082,USA
MG431251,Brazil
MG431252,Brazil
MG431253,Brazil
MH327947,India
LC384997,Philippines
LC384998,Philippines
LC384999,Philippines
LC385000,Philippines
LC385001,Philippines
LC385002,Philippines
LC385003,Philippines
LC385004,Philippines
LC385006,Philippines
LC385007,Philippines
LC385008,Philippines
MK109764,Jordan
MK109765,Jordan
MK109766,Jordan
MK109767,Jordan
MK109768,Jordan
MK109769,Jordan
MK109770,Jordan
MK109771,Jordan
MK109778,Jordan
MK109779,Jordan
MK109780,Jordan
MK109781,Jordan
MK109782,Jordan
MK109783,Jordan
MK109784,Jordan
MK109786,Jordan
MK109788,Jordan
MK109789,Jordan
LC385005,Philippines
MK481079,Russia
MK534511,Russia
MK749866,Nicaragua
MK749868,Nicaragua
MK749869,Nicaragua
MK749870,Nicaragua
MK749871,Nicaragua
MK749872,Nicaragua
MK749873,Nicaragua
MK749874,Nicaragua
MK749875,Nicaragua
MK749876,Nicaragua
MK749877,Nicaragua
MK749878,Nicaragua
MK749879,Nicaragua
MK749880,Nicaragua
MK749881,Nicaragua
MK749882,Nicaragua
MK749883,Nicaragua
MK749885,Nicaragua
MK749887,Nicaragua
MK749888,Nicaragua
MK749889,Nicaragua
MK749891,Nicaragua
MK749892,Nicaragua
MK749894,Nicaragua
MK749896,Nicaragua
MK749897,Nicaragua
MK749898,Nicaragua
MK749899,Nicaragua
MK749900,Nicaragua
MK749901,Nicaragua
MK749902,Nicaragua
MK749903,Nicaragua
MK749904,Nicaragua
MK749905,Nicaragua
MK749906,Nicaragua
MK749907,Nicaragua
MK749908,Nicaragua
MK749910,Nicaragua
MK749914,Nicaragua
MK749915,Nicaragua
MK749916,Nicaragua
MT040081,USA
MT040084,USA
MT040085,USA
MT040086,USA
MT040088,USA
MT040089,USA
MT107528,Switzerland
MT373703,Russia
MT373704,Russia
MT373705,Russia
MW020595,Australia
MW582529,Germany
MW160744,Australia
MW160745,Australia
MW160748,Australia
MW160750,Australia
MW160751,Australia
MW160752,Australia
MW160755,Australia
MW160757,Australia
MW160760,Australia
MW160763,Australia
MW160765,Australia
MW160770,Australia
MW160775,Australia
MW160777,Australia
MW160780,Australia
MW160781,Australia
MW160784,Australia
MW160786,Australia
MW160788,Australia
MW160789,Australia
MW160790,Australia
MW160791,Australia
MW160792,Australia
MW160793,Australia
MW160794,Australia
MW160796,Australia
MW160798,Australia
MW160800,Australia
MW160802,Australia
MW160804,Australia
MW160805,Australia
MW160806,Australia
MW160808,Australia
MW160810,Australia
MW160811,Australia
MW160812,Australia
MW160813,Australia
MW160814,Australia
MW160815,Australia
MW160816,Australia
MW160817,Australia
MW160818,Australia
MW160821,Australia
MW160823,Australia
MW160826,Australia
MW160829,Australia
MW160831,Australia
MW160832,Australia
MW160833,Australia
MW160834,Australia
MW160836,Australia
MW160837,Australia
MW160838,Australia
MW160839,Australia
MZ151849,Russia
MZ151850,Russia
MZ151856,Russia
MZ515553,United Kingdom
MZ515554,Netherlands
MZ515557,United Kingdom
MZ515558,Netherlands
MZ515560,Netherlands
MZ515561,United Kingdom
MZ515562,Netherlands
MZ515565,Netherlands
MZ515574,Netherlands
MZ515578,Netherlands
MZ515581,Netherlands
MZ515584,United Kingdom
MZ515586,Netherlands
MZ515587,Netherlands
MZ515590,United Kingdom
MZ515591,United Kingdom
MZ515594,United Kingdom
MZ515595,Netherlands
MZ515596,United Kingdom
MZ515598,Netherlands
MZ515599,Netherlands
MZ515603,Netherlands
MZ515605,Netherlands
MZ515607,United Kingdom
MZ515608,Spain
MZ515611,Netherlands
MZ515612,Netherlands
MZ515613,United Kingdom
MZ515622,United Kingdom
MZ515625,Netherlands
MZ515627,United Kingdom
MZ515636,United Kingdom
MZ515637,United Kingdom
MZ515638,Spain
MZ515639,Netherlands
MZ515648,Netherlands
MZ515653,United Kingdom
MZ515656,Spain
MZ515658,Netherlands
MZ515660,Netherlands
MZ515663,Netherlands
MZ515664,Netherlands
MZ515665,Netherlands
MZ515667,United Kingdom
MZ515669,United Kingdom
MZ515670,Netherlands
MZ515671,United Kingdom
MZ515672,United Kingdom
MZ515674,Netherlands
MZ515677,United Kingdom
MZ515678,United Kingdom
MZ515683,Netherlands
MZ515684,Spain
MZ515694,United Kingdom
MZ515698,United Kingdom
MZ515699,Netherlands
MZ515704,Netherlands
MZ515707,United Kingdom
MZ515710,Netherlands
MZ515712,United Kingdom
MZ515713,Netherlands
MZ515715,Spain
MZ515716,United Kingdom
MZ515719,United Kingdom
MZ515724,Netherlands
MZ515726,United Kingdom
MZ515727,United Kingdom
MZ515728,Spain
MZ515729,Netherlands
MZ515732,United Kingdom
MZ515738,Spain
MZ515743,Netherlands
MZ515746,Netherlands
MZ515748,Spain
MZ515751,United Kingdom
MZ515753,United Kingdom
MZ515756,United Kingdom
MZ515757,United Kingdom
MZ515759,United Kingdom
MZ515761,Netherlands
MZ515762,United Kingdom
MZ515764,Netherlands
MZ515769,United Kingdom
MZ515770,Netherlands
MZ515771,Spain
MZ515775,United Kingdom
MZ515776,Spain
MZ515778,United Kingdom
MZ515779,United Kingdom
MZ515786,United Kingdom
MZ515792,Netherlands
MZ515793,Netherlands
MZ515794,Netherlands
MZ515799,Netherlands
MZ515805,Netherlands
MZ515807,United Kingdom
MZ515809,United Kingdom
MZ515812,United Kingdom
MZ515817,Netherlands
MZ515820,United Kingdom
MZ515823,United Kingdom
MZ515824,United Kingdom
MZ515827,Spain
MZ515830,United Kingdom
MZ515831,Netherlands
MZ515832,United Kingdom
MZ515836,Netherlands
MZ515837,United Kingdom
MZ515839,United Kingdom
MZ515845,Netherlands
MZ515846,United Kingdom
MZ515849,Netherlands
MZ515863,Spain
MZ515865,Netherlands
MZ515868,Netherlands
MZ515869,Netherlands
MZ515871,United Kingdom
MZ515872,Spain
MZ515883,Netherlands
MZ515889,Netherlands
MZ515890,United Kingdom
MZ515895,United Kingdom
MZ515899,Spain
MZ515903,United Kingdom
MZ515904,United Kingdom
MZ515916,United Kingdom
MZ515918,Netherlands
MZ515924,United Kingdom
MZ515925,United Kingdom
MZ515926,Netherlands
MZ515936,United Kingdom
MZ515937,United Kingdom
MZ515938,Spain
MZ515944,Netherlands
MZ515946,Netherlands
MZ515950,Netherlands
MZ515955,Netherlands
MZ515970,United Kingdom
MZ515972,Spain
MZ515974,Netherlands
MZ515975,Netherlands
MZ515977,Netherlands
MZ515978,United Kingdom
MZ515979,United Kingdom
MZ515988,United Kingdom
MZ515990,Netherlands
MZ515995,Netherlands
MZ515996,Netherlands
MZ515997,Netherlands
MZ516003,Netherlands
MZ516016,Netherlands
MZ516021,United Kingdom
MZ516022,Netherlands
MZ516025,Netherlands
MZ516030,Spain
MZ516032,Netherlands
MZ516041,Netherlands
MZ516045,United Kingdom
MZ516049,United Kingdom
MZ516054,Spain
MZ516056,Spain
MZ516059,Netherlands
MZ516060,Netherlands
MZ516061,United Kingdom
MZ516062,Netherlands
MZ516065,United Kingdom
MZ516082,Netherlands
MZ516083,Spain
MZ516094,Netherlands
MZ516095,Netherlands
MZ516098,United Kingdom
MZ516102,United Kingdom
MZ516104,Netherlands
MZ516107,United Kingdom
MZ516109,United Kingdom
MZ516113,Netherlands
MZ516114,Spain
MZ516123,United Kingdom
MZ516135,Netherlands
MZ516139,United Kingdom
MZ516141,Netherlands
OK649685,Brazil
OK649686,Brazil
OK649687,Brazil
OK649688,Brazil
OK649689,Brazil
OK649690,Brazil
OK649691,Brazil
OK649692,Brazil
OK649693,Brazil
OK649694,Brazil
OK649695,Brazil
OK649696,Brazil
OK649697,Brazil
OK649698,Brazil
OK649699,Brazil
OK649700,Brazil
OK649701,Brazil
OK649702,Brazil
OK649703,Brazil
OK649704,Brazil
OK649705,Brazil
OK649706,Brazil
OK649707,Brazil
OK649708,Brazil
OK649709,Brazil
OK649710,Brazil
OK649711,Brazil
OK649712,Brazil
OK649713,Brazil
OK649714,Brazil
OK649715,Brazil
OK649716,Brazil
OK649717,Brazil
OK649718,Brazil
OK649719,Brazil
OK649720,Brazil
OK649721,Brazil
OK649722,Brazil
OK649723,Brazil
OK649724,Brazil
OK649725,Brazil
OK649726,Brazil
OK649727,Brazil
OK649728,Brazil
OK649729,Brazil
OK649730,Brazil
OK649731,Brazil
OK649732,Brazil
OK649733,Brazil
OK649734,Brazil
OK649735,Brazil
OK649736,Brazil
OK649737,Brazil
OK649738,Brazil
OK649739,Brazil
OK649740,Canada
OK649741,Kenya
OK649742,Kenya
OK649743,Kenya
OK649744,Kenya
OK649745,USA
OK649746,USA
OK649747,USA
OK649748,USA
OK649749,USA
OK649750,USA
OK649751,USA
OK649752,USA
OK649753,USA
OK649754,USA
OK649755,USA
OK500261,France
OK500263,France
OL321917,USA
LC699635,Japan
LC699636,Japan
OM857368,Australia
OM857369,Australia
OM857370,Australia
OM857371,Australia
OM857372,Australia
OM857373,Australia
OM857375,Australia
OM857380,Australia
OM857381,Australia
OM857382,Australia
OM857383,Australia
OM857384,Australia
OM857385,Australia
OM857386,Australia
OM857387,Australia
OM857388,Australia
OM857389,Australia
OM857390,Australia
OM857392,Australia
OM857393,Australia
OM857396,Australia
OM857397,Australia
OP890341,USA
OP890342,USA
OP890343,USA
OP890344,USA
OP890345,USA
OP890346,USA
OP890347,USA
OP890348,USA
OP890349,USA
OP890350,USA
OP965698,USA
OP965700,USA
OP965701,USA
OP965702,USA
OP965703,USA
OP965704,USA
OP965705,USA
OP965706,USA
OP965707,USA
OP965708,USA
OP965709,USA
OP965710,USA
OQ024159,USA
OQ024160,USA
OQ024161,USA
OQ024162,USA
OQ171932,USA
OQ171933,USA
OQ171934,USA
OQ171935,USA
OQ171936,USA
OQ171937,USA
OQ171938,USA
OQ171939,USA
OQ171940,USA
OQ171941,USA
OQ171942,USA
OQ357795,USA
OQ357796,USA
OQ357797,USA
OQ261738,Austria
OQ261740,Austria
OQ261741,Austria
OQ261742,Austria
OQ261743,Austria
OQ261744,Austria
OQ261745,Austria
NC_001781,Austria
JX576729,Belgium
RSV015,USA - NMH
RSV021,USA - NMH
RSV024,USA - NMH
RSV039,USA - NMH
RSV053,USA - NMH
RSV055,USA - NMH
RSV067,USA - NMH
RSV081,USA - NMH
RSV085,USA - NMH
RSV106,USA - NMH
RSV109,USA - NMH
RSV111,USA - NMH
RSV112,USA - NMH
RSV113,USA - NMH
RSV127,USA - NMH
RSV137,USA - NMH
RSV140,USA - NMH
RSV141,USA - NMH
RSV142,USA - NMH
RSV143,USA - NMH
RSV145,USA - NMH
RSV145,USA - NMH
RSV149,USA - NMH
RSV152,USA - NMH
RSV163,USA - NMH
RSV164,USA - NMH
RSV168,USA - NMH
RSV171,USA - NMH
RSV177,USA - NMH
RSV185,USA - NMH
RSV190,USA - NMH
RSV203,USA - NMH
RSV208,USA - NMH
RSV214,USA - NMH
RSV222,USA - NMH
RSV235,USA - NMH
RSV246,USA - NMH
RSV247,USA - NMH
RSV250,USA - NMH
RSV252,USA - NMH
RSV253,USA - NMH
RSV256,USA - NMH
RSV260,USA - NMH
RSV267,USA - NMH
RSV272,USA - NMH
RSV280,USA - NMH
RSV292,USA - NMH
RSV296,USA - NMH
RSV298,USA - NMH
RSV299,USA - NMH
RSV303,USA - NMH
RSV310,USA - NMH
RSV311,USA - NMH
RSV313,USA - NMH
RSV314,USA - NMH
RSV316,USA - NMH
RSV317,USA - NMH
RSV320,USA - NMH
RSV321,USA - NMH
RSV323,USA - NMH
RSV324,USA - NMH
RSV326,USA - NMH
RSV327,USA - NMH
RSV329,USA - NMH
RSV333,USA - NMH
RSV335,USA - NMH
RSV337,USA - NMH
RSV340,USA - NMH
RSV341,USA - NMH
RSV342,USA - NMH
RSV345,USA - NMH
RSV347,USA - NMH
RSV348,USA - NMH
RSV351,USA - NMH
RSV353,USA - NMH
RSV355,USA - NMH
RSV356,USA - NMH
RSV357,USA - NMH
RSV358,USA - NMH
RSV360,USA - NMH
RSV361,USA - NMH
RSV366,USA - NMH
RSV368,USA - NMH
RSV370,USA - NMH
RSV373,USA - NMH
RSV374,USA - NMH
RSV375,USA - NMH
RSV379,USA - NMH
RSV381,USA - NMH
RSV382,USA - NMH
RSV383,USA - NMH
RSV385,USA - NMH
RSV387,USA - NMH
RSV389,USA - NMH
RSV394,USA - NMH
RSV400,USA - NMH
RSV401,USA - NMH
RSV446,USA - NMH
RSV458,USA - NMH
RSV463,USA - NMH
RSV476,USA - NMH
RSV509,USA - NMH
RSV520,USA - NMH
RSV525,USA - NMH
RSV536,USA - NMH
RSV537,USA - NMH
RSV551,USA - NMH
MT882102,India
MF445662,China
MF445663,China
MF445664,China
MF445665,China
MF445666,China
MF445667,China
MF445668,China
MF445669,China
MF445670,China
MF445671,China
MF445672,China
MF445673,China
MF445674,China
MF445675,China
MF445676,China
MF445677,China
MF445678,China
MF445679,China
MF445680,China
MF445681,China
MF445682,China
MF445683,China
MF445685,China
MF445686,China
MF445687,China
MF445688,China
MF445689,China
MF445690,China
MF445691,China
MF445692,China
MF445693,China
MF445694,China
MF445695,China
MF445696,China
MF445697,China
MF445698,China
MF445699,China
MF445700,China
MF445701,China
MF445702,China
MF445703,China
MF445704,China
MF445705,China
MF445706,China
MF445707,China
MF445708,China
MF445709,China
MF445710,China
MF445711,China
MF445712,China
MF445713,China
MF445714,China
MF445715,China
MF445716,China
MF445717,China
MF445718,China
MF445719,China
MF445720,China
MF445721,China
MF445722,China
MF445723,China
MF445724,China
MF445725,China
MF445726,China
MF445727,China
MF445728,China
MF445729,China
MF445730,China
MF445731,China
MF445732,China
MF445733,China
MF445734,China
MF445735,China
MF445736,China
MF445737,China
MF445738,China
MF445739,China
MF445740,China
MF445741,China
MF445742,China
MF445743,China
KU954771,China
KU954772,China
KU954773,China
KU954774,China
KU954775,China
KU954776,China
KU954777,China
KU954778,China
KU954779,China
KU954780,China
KU954781,China
KU954782,China
KU954783,China
KU954784,China
KU954785,China
KU954786,China
KU954787,China
KU954788,China
KU954789,China
KU954790,China
KU954791,China
KU954792,China
KU954793,China
KU954794,China
KU954795,China
KU954796,China
KU954797,China
KU954798,China
KU954799,China
KU954800,China
KU954801,China
KU954802,China
KU954803,China
KU954804,China
KU954805,China
KU954806,China
KU954807,China
KU954808,China
KU954809,China
KU954810,China
KU954811,China
KU954812,China
KU954813,China
KU954814,China
KU954815,China
KU954816,China
KU954817,China
KU954818,China
KU954819,China
KU954820,China
KU954821,China
KU954822,China
KU954823,China
KU954824,China
KU954825,China
KU954826,China
KU954827,China
KU954828,China
KU954829,China
KU954830,China
KU954831,China
KU954832,China
KU954833,China
KU954834,China
KU954835,China
KU954836,China
KU954837,China
KU954838,China
KU954839,China
KU954840,China
KU954841,China
KU954842,China
KU954843,China
KU954844,China
KU954845,China
KU954846,China
KU954847,China
KU954848,China
KU954849,China
KU954850,China
KU954851,China
KU954852,China
KU954853,China
KU954854,China
KU954855,China
KU954856,China
KU954857,China
KU954858,China
KU954859,China
KU954860,China
KU954861,China
KU954862,China
KU954863,China
KU954864,China
KU954865,China
KU954866,China
KU954867,China
KU954868,China
KU954869,China
KU954870,China
KU954871,China
KU954872,China
KU954873,China
KU954874,China
KU954875,China
KU954876,China
KU954877,China
KU954878,China
KU954879,China
KU954880,China
KU954881,China
KU954882,China
KU954883,China
KU954884,China
KU954885,China
KU954886,China
KU954887,China
KU954888,China
KU954889,China
KU954890,China
KU954891,China
KU954892,China
KU954893,China
KU954894,China
KU954895,China
KU954896,China
KU954897,China
KU954898,China
KU954899,China
KU954900,China
KU954901,China
KU954902,China
KU954903,China
KU954904,China
KU954905,China
KU954906,China
KU954907,China
KU954908,China
KU954909,China
KU954910,China
KU954911,China
KU954912,China
KU954913,China
KU954914,China
KU954915,China
KU954916,China
KU954917,China
KU954918,China
KU954919,China
KU954920,China
KU954921,China
KU954922,China
KU954923,China
KU954924,China
KU954925,China
KU954926,China
KU954927,China
KU954928,China
KU954929,China
KU954930,China
KU954931,China
KU954932,China
KU954933,China
KU954934,China
KU954935,China
KU954936,China
KU954937,China
KU954938,China
KU954939,China
KU954940,China
KU954941,China
KU954942,China
KU954943,China
KU954944,China
KU954945,China
KU954946,China
KU954947,China
KU954948,China
KU954949,China
KU954950,China
KU954951,China
KU954952,China
KU954953,China
KU954954,China
KU954955,China
KU954956,China
KU954957,China
KU954958,China
KU954959,China
KU954960,China
KU954961,China
KU954962,China
KU954963,China
KU954964,China
KU954965,China
KU954966,China
KU954967,China
KU954968,China
KU954969,China
KU954970,China
KU954971,China
KU954972,China
KU954973,China
KU954974,China
KU954975,China
KU954976,China
KU954977,China
KU954978,China
KU954979,China
KU954980,China
KU954981,China
KU954982,China
KU954983,China
KU954984,China
KU954985,China
KU954986,China
KU954987,China
KU954988,China
KU954989,China
KU954990,China
KU954991,China
KU954992,China
KU954993,China
KU954994,China
KU954995,China
LC311360,Philippines
LC311361,Philippines
LC311362,Philippines
LC311363,Philippines
LC311364,Philippines
LC311365,Philippines
LC311366,Philippines
LC311367,Philippines
LC311368,Philippines
LC311369,Philippines
LC311370,Philippines
LC311371,Philippines
LC311372,Philippines
LC311373,Philippines
LC311374,Philippines
LC311375,Philippines
LC311376,Philippines
LC311377,Philippines
LC311378,Philippines
LC311379,Philippines
LC311380,Philippines
LC311381,Philippines
LC311382,Philippines
LC311383,Philippines
LC311384,Philippines
LC311385,Philippines
LC311386,Philippines
LC311387,Philippines
LC311388,Philippines
LC311389,Philippines
LC311390,Philippines
LC311391,Philippines
LC311392,Philippines
LC311393,Philippines
LC311394,Philippines
LC311395,Philippines
LC311396,Philippines
LC311397,Philippines
LC311398,Philippines
LC311399,Philippines
LC311400,Philippines
LC311401,Philippines
LC311402,Philippines
LC311403,Philippines
LC311404,Philippines
LC311405,Philippines
LC311406,Philippines
LC311407,Philippines
LC311408,Philippines
LC311409,Philippines
MF443141,Spain
MF443143,Spain
MF443144,Spain
MF443145,Spain
MF443147,Spain
MF443148,Spain
MF443149,Spain
MF443150,Spain
MF443151,Spain
MF443152,Spain
MF443153,Spain
MF443154,Spain
MF443156,Spain
MF443157,Spain
MF443158,Spain
KX858755,Netherlands
KC297422,China
KC297423,China
KC297424,China
KC297425,China
KC297426,China
KC297427,China
KC297428,China
KC297429,China
KC297430,China
KC297431,China
KC297432,China
KC297433,China
KC297434,China
KC297435,China
KC297436,China
KC297437,China
KC297438,China
KC297439,China
KC297440,China
KC297441,China
KC297442,China
KC297443,China
KC297444,China
KC297445,China
KC297446,China
KC297447,China
KC297448,China
KC297449,China
KC297450,China
KC297451,China
KC297452,China
KC297453,China
KC297454,China
KC297455,China
KC297456,China
KC297457,China
KC297458,China
KC297459,China
KC297460,China
KC297461,China
KC297462,China
KC297463,China
KC297464,China
KC297465,China
KC297466,China
KC297467,China
KC297468,China
KC297469,China
KC297470,China
KC297471,China
KC297472,China
KC297473,China
KC297474,China
KC297475,China
KC297476,China
KC297477,China
KC297478,China
KC297479,China
KC297480,China
KC297481,China
KC297482,China
KC297483,China
KC297484,China
KC297485,China
KC297486,China
KC297487,China
KC297488,China
KC297489,China
KC297490,China
KC297491,China
KC297492,China
KC297493,China
DQ270226,China
DQ270227,China
DQ270228,China
DQ270229,China
DQ270230,China
DQ270231,China
DQ270232,China
DQ270233,China
DQ270233,China
DQ270232,China
DQ270230,China
JQ680988,USA
JQ680987,USA
JQ680985,USA
JQ680984,USA
JQ680983,USA
JQ680982,USA
KJ556917,Kenya
KJ556914,Kenya
KJ556913,Kenya
KJ556912,Kenya
AY327815,Qatar
AY327814,Qatar
AY327813,Qatar
AY327812,Qatar
AY327811,Qatar
AB245476,Qatar
KP221574,China
KP221573,China
KP221571,China
KP221570,China
KP221567,China
MN517111,South Africa
MN517110,South Africa
MN517109,South Africa
MN517108,South Africa
MN517107,South Africa
MN517106,South Africa
MN517105,South Africa
MN517104,South Africa
MN517103,South Africa
MN517102,South Africa
MN517101,South Africa
MN517100,South Africa
MN517099,South Africa
MN517098,South Africa
MN517097,South Africa
MN517096,South Africa
MN517095,South Africa
MN517094,South Africa
MN517093,South Africa
MN517092,South Africa
MN517091,South Africa
MN517090,South Africa
MN517089,South Africa
MN517088,South Africa
MN517087,South Africa
MN517086,South Africa
MN517085,South Africa
MN517084,South Africa
MN517083,South Africa
MN517082,South Africa
MN517081,South Africa
MN517080,South Africa
MN517079,South Africa
MN517078,South Africa
MN517077,South Africa
MN517076,South Africa
MN517075,South Africa
MN517074,South Africa
MN517073,South Africa
MN517072,South Africa
MN517071,South Africa
MN517070,South Africa
MN517069,South Africa
MN517068,South Africa
MN517067,South Africa
MN517066,South Africa
MN517065,South Africa
MN517064,South Africa
MN517063,South Africa
MN517062,South Africa
MN517061,South Africa
MF445743,China
MF445742,China
MF445741,China
MF445728,China
MF445727,China
MF445701,China
MF445700,China
MF445699,China
MF445698,China
MF445697,China
MF445696,China
MF445695,China
MF445694,China
MF445693,China
MF445692,China
MF445691,China
MF445690,China
MF443146,Spain
MF443142,Spain
MF443140,Spain
KC283036,Cuba
KC283035,Cuba
KC283034,Cuba
KC283033,Cuba
KC283032,Cuba
KC283031,Cuba
JX976397,Cuba
JX976396,Cuba
JX976395,Cuba
JX976394,Cuba
JX976393,Cuba
JX976392,Cuba
JX976391,Cuba
JX976390,Cuba
JX976389,Cuba
JX976388,Cuba
JX976387,Cuba
JX976386,Cuba
JX976385,Cuba
JX976384,Cuba
JX976383,Cuba
JX976382,Cuba
JX976381,Cuba
JX976380,Cuba
JX976379,Cuba
JX976378,Cuba
JX976377,Cuba
MF445743,China
MF445742,China
MF445741,China
MF445728,China
MF445727,China
MF445701,China
MF445700,China
MF445699,China
MF445698,China
MF445697,China
MF445696,China
MF445695,China
MF445694,China
MF445693,China
MF445692,China
MF445691,China
MF445690,China
KC283036,Cuba
KC283035,Cuba
KC283034,Cuba
KC283033,Cuba
KC283032,Cuba
KC283031,Cuba
JX976397,Cuba
JX976396,Cuba
JX976395,Cuba
JX976394,Cuba
JX976393,Cuba
JX976392,Cuba
JX976391,Cuba
JX976390,Cuba
JX976389,Cuba
JX976388,Cuba
JX976387,Cuba
JX976386,Cuba
JX976385,Cuba
JX976384,Cuba
JX976383,Cuba
JX976382,Cuba
JX976381,Cuba
JX976380,Cuba
JX976379,Cuba
JX976378,Cuba
JX976377,Cuba
DQ270231,China
DQ270229,China
ON707123,Italy
ON707122,Italy
ON707121,Italy
ON707120,Italy
ON707119,Italy
ON707118,Italy
ON707117,Italy
ON707116,Italy
ON707115,Italy
ON707114,Italy
ON649883,China
ON649882,China
MW019667,Saudi Arabia
MW019666,Saudi Arabia
MW019665,Saudi Arabia
MW019664,Saudi Arabia
MW019663,Saudi Arabia
MW019661,Saudi Arabia
MW019660,Saudi Arabia
MW019659,Saudi Arabia
MW019658,Saudi Arabia
MW019657,Saudi Arabia
MW019656,Saudi Arabia
MW019653,Saudi Arabia
MW019652,Saudi Arabia
MW019651,Saudi Arabia
MW019650,Saudi Arabia
MG971464,Gambia
MG971463,Gambia
MG971462,Gambia
MG971461,Gambia
MG971460,Gambia
MG971445,Netherlands
MG971444,Netherlands
MG971443,Netherlands
MG971442,Netherlands
MG971441,Netherlands
MG971440,Netherlands
MG971439,Netherlands
MG971438,Netherlands
MG971437,Netherlands
MG971436,Netherlands
MG971435,Netherlands
MG971434,Netherlands
KU954981,China
KU954976,China
KU954967,China
KU954956,China
KU954955,China
KU954948,China
KU954937,China
KU954936,China
KU954925,China
KU954923,China
KU954921,China
KU954895,China
KU954884,China
KU954879,China
KU954872,China
KU954869,China
KU954868,China
KU954838,China
KU954789,China
KU954788,China
KU954787,China
KU954785,China
KU954784,China
KU954781,China
KU954779,China
MH742915,Kenya
MH742914,Kenya
MH742890,Kenya
MH742889,Kenya
MH742877,Kenya
MH742876,Kenya
MH742875,Kenya
MH742874,Kenya
MH742838,Kenya
MH742837,Kenya
MH742831,Kenya
MH742827,Kenya
MH742826,Kenya
MH742825,Kenya
JF704218,South Africa
JF704217,South Africa
JF704216,South Africa
JF704214,South Africa
JF704213,South Africa
HQ731784,Thailand
HQ731783,Thailand
HQ731782,Thailand
HQ731781,Thailand
HQ731776,United Kingdom
HQ731772,United Kingdom
HQ731771,United Kingdom
HQ731770,Netherlands
HQ731765,Netherlands
HQ731760,Netherlands
HQ731756,Netherlands
HQ731754,United Kingdom
HQ731753,United Kingdom
HQ731752,United Kingdom
HQ731751,United Kingdom
HQ731750,United Kingdom
HQ731749,United Kingdom
HQ731748,United Kingdom
HQ731747,United Kingdom
HQ731746,United Kingdom
HQ731745,United Kingdom
HQ731744,United Kingdom
HQ731743,United Kingdom
HQ731742,United Kingdom
HQ731724,United Kingdom
HQ731722,United Kingdom
HQ731718,United Kingdom
HQ731717,United Kingdom
HQ731714,United Kingdom
HQ731711,United Kingdom
HQ731709,United Kingdom
HQ731708,United Kingdom
HQ731707,United Kingdom
HQ731702,United Kingdom
HQ731697,Thailand
HQ731695,Thailand
HQ731690,Thailand
HQ731688,United Kingdom
KF301020,Panama
KF301004,Panama
KF300970,Panama
KF300968,Panama
KF300967,Panama
KF300966,Panama
KF300965,Panama
KF300964,Panama
KF300963,Panama
KF300962,Panama
KF300961,Panama
KF300960,Panama
KF300959,Panama
KF300958,Panama
KF300957,Panama
KF300956,Panama
KF300955,Panama
KF300954,Panama
KF300953,Panama
KF300952,Panama
KF300951,Panama
JX489463,Brazil
JX489462,Brazil
JX489458,Brazil
JX489456,Brazil
JX489452,Brazil
JX489450,Brazil
JX489448,Brazil
JX489447,Brazil
JX489446,Brazil
JX489441,Brazil
JX489440,Brazil
JX489438,Brazil
JX489436,Brazil
JX489432,Brazil
JX489428,Brazil
JX489427,Brazil
JX489424,Brazil
JX489423,Brazil
JX489422,Brazil
JX489420,Brazil
JX489416,Brazil
KC710997,Netherlands
KC710996,Netherlands
KC710995,Netherlands
KC710994,Netherlands
KC710993,Netherlands
KC710992,Netherlands
KC710991,Netherlands
KC710990,Netherlands
KC710989,Netherlands
KC710988,Netherlands
KC710987,Netherlands
KC710986,Netherlands
KC710985,Netherlands
KC710984,Netherlands
KC710983,Netherlands
AF249877,Netherlands
KR816656,Thailand
KR816649,Thailand
KR816642,Thailand
OQ799976,Thailand
OQ799975,Thailand
OQ799974,Thailand
OQ799973,Thailand
MZ476914,Turkey
MW892049,Turkey
MW892048,Turkey
MK947191,Croatia
MK947190,Croatia
MK947188,Croatia
MK947187,Croatia
KX371868,Panama
KX371867,Panama
KX371866,Panama
KT781406,China
KT781382,China
KT781358,China
KT781400,China