Site,Partition,&alpha;,&beta;,&beta;-&alpha;,Prob[&alpha;>&beta;],Prob[&alpha;<&beta;],BayesFactor[&alpha;<&beta;]
1,1,"2.721","0.120","-2.601","0.931","0.051","0.202"
2,1,"1.684","1.128","-0.556","0.575","0.281","1.476"
3,1,"0.787","0.632","-0.155","0.553","0.376","2.274"
4,1,"1.687","0.599","-1.088","0.847","0.100","0.417"
5,1,"0.458","2.086","1.628","0.038","0.933","52.636"
6,1,"2.725","2.650","-0.075","0.132","0.143","0.628"
7,1,"0.935","1.572","0.637","0.195","0.695","8.580"
8,1,"0.816","0.697","-0.119","0.429","0.509","3.905"
9,1,"0.641","1.014","0.373","0.237","0.699","8.748"
10,1,"0.820","0.635","-0.185","0.463","0.476","3.425"
11,1,"0.453","0.756","0.304","0.240","0.705","9.017"
12,1,"0.880","1.360","0.480","0.241","0.658","7.273"
13,1,"1.487","0.235","-1.252","0.912","0.066","0.268"
14,1,"3.991","0.119","-3.872","1.000","0.000","0.000"
15,1,"1.126","0.825","-0.300","0.515","0.400","2.518"
16,1,"2.581","1.999","-0.583","0.391","0.143","0.632"
17,1,"3.398","0.113","-3.285","0.999","0.000","0.001"
18,1,"0.659","0.587","-0.072","0.452","0.487","3.581"
19,1,"0.833","1.353","0.520","0.196","0.715","9.478"
20,1,"2.769","0.123","-2.646","0.996","0.001","0.005"
21,1,"3.137","3.136","-0.001","0.109","0.086","0.357"
22,1,"2.584","2.099","-0.485","0.347","0.147","0.652"
23,1,"0.450","0.868","0.418","0.181","0.768","12.500"
24,1,"2.908","0.459","-2.449","0.948","0.036","0.139"
25,1,"3.200","0.107","-3.093","0.999","0.001","0.002"
26,1,"1.405","0.282","-1.123","0.855","0.115","0.488"
27,1,"2.850","0.109","-2.741","0.998","0.001","0.003"
28,1,"1.793","0.162","-1.632","0.886","0.088","0.365"
29,1,"2.367","0.109","-2.258","0.985","0.011","0.041"
30,1,"2.203","0.143","-2.060","0.972","0.020","0.077"
31,1,"2.204","0.143","-2.061","0.972","0.020","0.076"
32,1,"1.820","0.162","-1.658","0.940","0.045","0.179"
33,1,"2.703","0.123","-2.580","0.994","0.003","0.011"
34,1,"3.234","0.179","-3.054","0.986","0.008","0.031"
35,1,"2.845","0.103","-2.742","0.993","0.005","0.017"
36,1,"1.271","0.181","-1.091","0.831","0.130","0.564"
37,1,"1.802","0.175","-1.627","0.933","0.051","0.202"
38,1,"0.911","0.229","-0.682","0.751","0.197","0.924"
39,1,"2.838","0.087","-2.751","0.995","0.003","0.012"
40,1,"0.612","0.506","-0.107","0.482","0.456","3.162"
41,1,"1.885","0.161","-1.724","0.958","0.031","0.119"
42,1,"1.991","1.650","-0.341","0.397","0.357","2.099"
43,1,"2.355","0.117","-2.238","0.983","0.012","0.046"
44,1,"2.399","0.147","-2.252","0.982","0.012","0.047"
45,1,"2.765","0.123","-2.642","0.996","0.001","0.005"
46,1,"1.813","0.167","-1.647","0.937","0.047","0.188"
47,1,"2.735","0.079","-2.656","0.997","0.002","0.007"
48,1,"2.358","0.159","-2.199","0.973","0.019","0.074"
49,1,"2.367","0.143","-2.224","0.966","0.025","0.097"
50,1,"2.180","0.125","-2.054","0.967","0.024","0.094"
51,1,"1.678","0.164","-1.514","0.934","0.050","0.198"
52,1,"2.835","0.257","-2.578","0.857","0.117","0.498"
53,1,"1.767","0.203","-1.564","0.918","0.063","0.254"
54,1,"1.088","0.195","-0.893","0.889","0.084","0.344"
55,1,"2.842","0.104","-2.738","0.996","0.002","0.009"
56,1,"1.082","0.201","-0.882","0.885","0.087","0.360"
57,1,"1.277","0.695","-0.582","0.530","0.411","2.628"
58,1,"2.836","0.098","-2.737","0.994","0.004","0.016"
59,1,"3.567","0.687","-2.880","0.840","0.119","0.509"
60,1,"1.420","0.198","-1.222","0.834","0.131","0.567"
61,1,"2.357","0.159","-2.199","0.972","0.019","0.075"
62,1,"3.194","0.107","-3.086","0.999","0.001","0.002"
63,1,"2.449","0.140","-2.309","0.980","0.014","0.055"
64,1,"1.793","0.161","-1.632","0.886","0.088","0.365"
65,1,"2.137","0.572","-1.565","0.820","0.136","0.595"
66,1,"1.420","0.198","-1.222","0.834","0.131","0.567"
67,1,"3.573","0.431","-3.142","0.997","0.000","0.001"
68,1,"2.100","2.008","-0.092","0.312","0.370","2.221"
69,1,"2.423","0.126","-2.298","0.986","0.009","0.035"
70,1,"0.889","0.258","-0.631","0.726","0.221","1.069"
71,1,"6.130","0.689","-5.441","0.985","0.003","0.010"
72,1,"0.827","0.208","-0.619","0.753","0.190","0.886"
73,1,"2.697","0.099","-2.598","0.997","0.002","0.008"
74,1,"2.363","0.109","-2.253","0.985","0.011","0.041"
75,1,"2.417","0.161","-2.256","0.962","0.029","0.111"
76,1,"5.643","0.467","-5.175","0.998","0.000","0.001"
77,1,"1.384","0.228","-1.155","0.811","0.152","0.674"
78,1,"2.373","0.101","-2.272","0.987","0.009","0.035"
79,1,"1.793","0.161","-1.632","0.886","0.088","0.365"
80,1,"1.384","0.228","-1.155","0.811","0.152","0.674"
81,1,"2.392","0.202","-2.190","0.947","0.039","0.154"
82,1,"2.436","0.138","-2.298","0.970","0.022","0.086"
83,1,"0.815","0.283","-0.533","0.695","0.249","1.248"
84,1,"2.466","0.121","-2.346","0.984","0.011","0.042"
85,1,"2.191","0.167","-2.024","0.965","0.025","0.098"
86,1,"0.657","0.612","-0.045","0.438","0.500","3.776"
87,1,"2.618","0.133","-2.485","0.990","0.007","0.025"
88,1,"2.081","1.319","-0.762","0.578","0.222","1.078"
89,1,"2.266","0.108","-2.158","0.975","0.018","0.069"
90,1,"1.795","0.473","-1.322","0.836","0.128","0.553"
91,1,"2.418","0.107","-2.311","0.986","0.010","0.036"
92,1,"3.178","0.121","-3.057","0.994","0.004","0.016"
93,1,"2.761","0.133","-2.628","0.992","0.005","0.018"
94,1,"1.418","0.280","-1.137","0.857","0.113","0.481"
95,1,"3.087","0.131","-2.956","0.997","0.001","0.004"
96,1,"3.294","0.412","-2.882","0.991","0.005","0.018"
97,1,"2.984","0.424","-2.561","0.761","0.201","0.950"
98,1,"2.387","0.202","-2.184","0.947","0.039","0.155"
99,1,"1.340","0.854","-0.486","0.620","0.286","1.512"
100,1,"1.271","0.181","-1.091","0.831","0.130","0.564"
101,1,"4.175","1.209","-2.966","0.830","0.036","0.140"
102,1,"1.205","0.446","-0.758","0.778","0.175","0.801"
103,1,"1.227","0.688","-0.540","0.674","0.252","1.271"
104,1,"1.380","0.569","-0.810","0.775","0.170","0.771"
105,1,"2.015","0.554","-1.461","0.890","0.071","0.288"
106,1,"2.762","0.083","-2.679","0.998","0.001","0.004"
107,1,"2.367","0.815","-1.553","0.883","0.059","0.237"
108,1,"1.361","0.206","-1.155","0.823","0.140","0.614"
109,1,"1.361","0.206","-1.155","0.823","0.140","0.614"
110,1,"2.152","0.511","-1.641","0.847","0.118","0.504"
111,1,"2.943","0.615","-2.328","0.916","0.057","0.229"
112,1,"1.821","0.405","-1.416","0.872","0.099","0.413"
113,1,"1.710","0.736","-0.974","0.757","0.167","0.757"
114,1,"2.853","1.480","-1.373","0.637","0.086","0.355"
115,1,"2.910","0.423","-2.487","0.760","0.202","0.954"
116,1,"0.876","0.582","-0.294","0.613","0.320","1.779"
117,1,"2.165","2.757","0.592","0.129","0.332","1.875"
118,1,"1.732","0.672","-1.059","0.732","0.211","1.008"
119,1,"1.838","1.090","-0.748","0.648","0.208","0.991"
120,1,"2.112","0.554","-1.559","0.876","0.085","0.352"
121,1,"3.109","0.918","-2.191","0.923","0.007","0.025"
122,1,"4.126","0.440","-3.686","0.996","0.001","0.004"
123,1,"1.384","0.228","-1.155","0.811","0.152","0.674"
124,1,"2.014","0.553","-1.461","0.890","0.071","0.288"
125,1,"2.280","1.581","-0.699","0.546","0.148","0.656"
126,1,"0.641","0.844","0.203","0.309","0.628","6.367"
127,1,"0.892","2.251","1.360","0.070","0.800","15.105"
128,1,"0.859","0.503","-0.356","0.568","0.375","2.265"
129,1,"1.343","0.493","-0.850","0.661","0.291","1.547"
130,1,"0.485","0.544","0.059","0.390","0.548","4.566"
131,1,"3.164","0.127","-3.037","0.998","0.000","0.001"
132,1,"2.617","0.133","-2.484","0.990","0.007","0.025"
133,1,"2.607","0.113","-2.495","0.992","0.005","0.019"
134,1,"1.384","0.228","-1.155","0.811","0.152","0.674"
135,1,"3.830","0.174","-3.656","0.997","0.001","0.002"
136,1,"1.361","0.206","-1.155","0.823","0.140","0.614"
137,1,"2.844","0.101","-2.743","0.996","0.002","0.008"
138,1,"3.165","0.128","-3.038","0.999","0.000","0.000"
139,1,"1.077","0.207","-0.870","0.880","0.091","0.378"
140,1,"1.904","0.155","-1.749","0.961","0.029","0.111"
141,1,"2.229","0.170","-2.059","0.971","0.019","0.075"
142,1,"2.763","0.133","-2.630","0.992","0.005","0.017"
143,1,"1.672","0.164","-1.508","0.933","0.050","0.200"
144,1,"1.711","0.916","-0.795","0.614","0.294","1.568"
145,1,"2.228","0.133","-2.095","0.966","0.026","0.099"
146,1,"0.826","0.209","-0.617","0.753","0.191","0.891"
147,1,"1.298","0.161","-1.137","0.847","0.115","0.491"
148,1,"1.793","0.161","-1.632","0.886","0.088","0.365"
149,1,"2.262","0.108","-2.154","0.975","0.018","0.070"
150,1,"0.911","0.229","-0.682","0.751","0.197","0.924"
151,1,"5.035","0.164","-4.871","1.000","0.000","0.000"
152,1,"3.057","0.121","-2.936","0.984","0.012","0.045"
153,1,"1.715","0.137","-1.578","0.949","0.038","0.148"
154,1,"5.937","0.469","-5.468","0.997","0.001","0.004"
155,1,"2.658","0.087","-2.571","0.997","0.002","0.007"
156,1,"3.206","0.143","-3.063","0.992","0.005","0.021"
157,1,"0.823","0.214","-0.609","0.748","0.195","0.915"
158,1,"2.829","0.118","-2.711","0.998","0.000","0.002"
159,1,"2.916","0.438","-2.478","0.990","0.004","0.016"
160,1,"0.837","0.195","-0.642","0.766","0.178","0.817"
161,1,"1.420","0.198","-1.222","0.834","0.131","0.567"
162,1,"1.253","0.194","-1.059","0.819","0.141","0.617"
163,1,"3.173","0.121","-3.052","0.994","0.004","0.016"
164,1,"2.609","0.095","-2.514","0.994","0.004","0.014"
165,1,"1.384","0.569","-0.814","0.776","0.169","0.768"
166,1,"0.698","0.286","-0.412","0.668","0.271","1.403"
167,1,"0.832","0.538","-0.294","0.629","0.306","1.664"
168,1,"1.384","0.228","-1.155","0.811","0.152","0.674"
169,1,"1.778","0.191","-1.586","0.924","0.058","0.233"
170,1,"6.133","0.175","-5.959","1.000","0.000","0.000"
171,1,"2.764","0.123","-2.641","0.996","0.001","0.005"
172,1,"1.402","0.282","-1.120","0.855","0.115","0.489"
173,1,"1.923","0.436","-1.487","0.905","0.069","0.281"
174,1,"2.147","0.127","-2.020","0.965","0.025","0.099"
175,1,"1.852","0.185","-1.667","0.947","0.039","0.152"
176,1,"2.142","0.572","-1.570","0.820","0.136","0.593"
177,1,"2.733","0.079","-2.654","0.997","0.002","0.007"
178,1,"1.264","0.186","-1.079","0.826","0.134","0.584"
179,1,"1.895","0.464","-1.431","0.911","0.061","0.245"
180,1,"0.911","0.229","-0.682","0.751","0.197","0.924"
181,1,"2.536","0.139","-2.397","0.989","0.007","0.025"
182,1,"0.859","0.503","-0.356","0.568","0.375","2.265"
183,1,"1.779","0.191","-1.587","0.924","0.058","0.233"
184,1,"2.829","0.089","-2.740","0.998","0.001","0.003"
185,1,"1.082","0.201","-0.881","0.885","0.087","0.360"
186,1,"1.813","0.167","-1.646","0.937","0.047","0.188"
187,1,"1.192","0.488","-0.704","0.748","0.201","0.948"
188,1,"1.662","0.216","-1.446","0.906","0.073","0.296"
189,1,"2.794","0.080","-2.714","0.999","0.000","0.002"
190,1,"0.475","0.758","0.283","0.253","0.690","8.412"
191,1,"5.489","0.771","-4.718","0.955","0.012","0.045"
192,1,"0.701","0.222","-0.479","0.719","0.218","1.052"
193,1,"1.662","0.216","-1.446","0.906","0.073","0.296"
194,1,"0.911","0.229","-0.682","0.751","0.197","0.924"
195,1,"2.657","0.080","-2.576","0.997","0.002","0.006"
196,1,"2.617","0.133","-2.484","0.990","0.007","0.025"
197,1,"2.069","0.866","-1.203","0.756","0.153","0.681"
198,1,"1.766","0.203","-1.563","0.918","0.063","0.254"
199,1,"1.793","0.161","-1.632","0.886","0.088","0.365"
200,1,"0.876","0.582","-0.294","0.613","0.320","1.779"
201,1,"2.537","0.541","-1.995","0.951","0.023","0.089"
202,1,"1.335","0.278","-1.056","0.777","0.183","0.847"
203,1,"2.767","0.133","-2.634","0.992","0.005","0.017"
204,1,"0.815","0.283","-0.533","0.695","0.249","1.248"
205,1,"2.393","0.087","-2.306","0.990","0.007","0.026"
206,1,"2.264","0.614","-1.650","0.630","0.321","1.784"
207,1,"2.241","0.126","-2.114","0.968","0.023","0.091"
208,1,"1.780","0.191","-1.589","0.924","0.058","0.232"
209,1,"1.520","4.077","2.557","0.047","0.672","7.747"
210,1,"2.604","0.170","-2.433","0.983","0.010","0.038"
211,1,"1.370","2.126","0.756","0.164","0.600","5.671"
212,1,"1.801","0.175","-1.626","0.933","0.051","0.202"
213,1,"1.786","0.142","-1.643","0.963","0.026","0.102"
214,1,"1.793","0.161","-1.632","0.886","0.088","0.365"
215,1,"2.653","0.088","-2.565","0.997","0.002","0.007"
216,1,"2.407","0.138","-2.269","0.984","0.011","0.042"
217,1,"0.821","0.237","-0.585","0.730","0.213","1.024"
218,1,"3.341","0.115","-3.226","0.999","0.000","0.001"
219,1,"2.246","0.122","-2.123","0.970","0.022","0.086"
220,1,"0.823","0.214","-0.609","0.748","0.195","0.915"
221,1,"1.793","0.161","-1.632","0.886","0.088","0.365"
222,1,"1.420","0.198","-1.222","0.834","0.131","0.567"
223,1,"2.429","0.115","-2.314","0.988","0.008","0.030"
224,1,"2.888","0.157","-2.731","0.993","0.002","0.009"
225,1,"0.558","0.748","0.190","0.345","0.595","5.539"
226,1,"1.450","0.230","-1.220","0.887","0.088","0.363"
227,1,"2.409","0.138","-2.271","0.984","0.011","0.041"
228,1,"0.570","0.252","-0.318","0.660","0.270","1.394"
229,1,"1.361","0.206","-1.155","0.823","0.140","0.614"
230,1,"2.595","0.136","-2.459","0.991","0.005","0.020"
231,1,"2.231","0.169","-2.061","0.972","0.019","0.074"
232,1,"3.181","0.121","-3.059","0.994","0.004","0.016"
233,1,"1.277","0.526","-0.751","0.783","0.166","0.749"
234,1,"1.774","0.149","-1.625","0.960","0.028","0.111"
235,1,"1.361","0.206","-1.155","0.823","0.140","0.614"
236,1,"1.420","0.198","-1.222","0.834","0.131","0.567"
237,1,"2.842","0.101","-2.741","0.996","0.002","0.008"
238,1,"1.813","0.167","-1.646","0.937","0.047","0.188"
239,1,"2.428","0.446","-1.982","0.966","0.020","0.076"
240,1,"1.780","0.191","-1.589","0.924","0.058","0.232"
241,1,"3.373","0.090","-3.283","0.999","0.001","0.002"
242,1,"0.818","0.220","-0.598","0.743","0.201","0.948"
243,1,"1.264","0.186","-1.079","0.826","0.134","0.584"
244,1,"10.174","0.255","-9.919","1.000","0.000","0.000"
245,1,"2.841","0.098","-2.743","0.994","0.004","0.016"
246,1,"2.967","0.069","-2.898","0.999","0.000","0.001"
247,1,"3.575","0.148","-3.427","0.999","0.000","0.001"
248,1,"0.570","0.252","-0.318","0.660","0.270","1.394"
249,1,"1.686","0.155","-1.531","0.939","0.046","0.181"
250,1,"2.403","0.147","-2.256","0.982","0.012","0.046"
251,1,"2.721","0.120","-2.601","0.931","0.051","0.202"
252,1,"2.357","0.159","-2.199","0.972","0.019","0.075"
253,1,"1.271","0.181","-1.091","0.831","0.130","0.564"
254,1,"2.691","0.115","-2.575","0.995","0.003","0.010"
255,1,"0.663","0.539","-0.124","0.481","0.458","3.185"
256,1,"0.714","0.252","-0.462","0.698","0.241","1.200"
257,1,"2.763","0.133","-2.630","0.992","0.005","0.017"
258,1,"2.728","0.123","-2.606","0.996","0.002","0.007"
259,1,"2.239","0.128","-2.111","0.968","0.024","0.093"
260,1,"0.815","0.283","-0.533","0.695","0.249","1.248"
261,1,"2.331","0.128","-2.203","0.984","0.011","0.041"
262,1,"0.889","0.258","-0.631","0.726","0.221","1.069"
263,1,"1.813","0.167","-1.646","0.937","0.047","0.188"
264,1,"2.721","0.120","-2.601","0.931","0.051","0.202"
265,1,"1.735","0.124","-1.611","0.955","0.032","0.125"
266,1,"1.793","0.161","-1.632","0.886","0.088","0.365"
267,1,"2.244","0.122","-2.121","0.970","0.022","0.086"
268,1,"0.889","0.258","-0.631","0.726","0.221","1.069"
269,1,"2.853","0.104","-2.749","0.996","0.002","0.009"
270,1,"2.132","0.213","-1.919","0.948","0.037","0.146"
271,1,"4.333","0.165","-4.168","0.998","0.001","0.004"
272,1,"0.944","0.875","-0.069","0.398","0.530","4.250"
273,1,"1.222","0.612","-0.610","0.682","0.255","1.294"
274,1,"2.721","0.120","-2.601","0.931","0.051","0.202"
275,1,"2.236","0.128","-2.107","0.967","0.024","0.093"
276,1,"0.906","2.081","1.175","0.106","0.784","13.710"
277,1,"2.450","0.140","-2.309","0.980","0.014","0.055"
278,1,"0.823","0.214","-0.609","0.748","0.195","0.915"
279,1,"0.678","0.343","-0.334","0.624","0.315","1.733"
280,1,"3.059","0.121","-2.938","0.984","0.012","0.045"
281,1,"2.239","0.126","-2.113","0.968","0.023","0.091"
282,1,"1.444","0.201","-1.243","0.903","0.074","0.302"
283,1,"6.823","0.266","-6.557","0.998","0.000","0.001"
284,1,"1.335","0.278","-1.056","0.777","0.183","0.847"
285,1,"2.466","0.121","-2.345","0.984","0.011","0.042"
286,1,"2.442","0.150","-2.292","0.977","0.016","0.061"
287,1,"3.335","0.096","-3.239","1.000","0.000","0.000"
288,1,"1.745","0.174","-1.571","0.949","0.037","0.146"
289,1,"2.721","0.120","-2.601","0.931","0.051","0.202"
290,1,"0.826","0.209","-0.617","0.753","0.191","0.891"
291,1,"1.793","0.161","-1.632","0.886","0.088","0.365"
292,1,"1.793","0.161","-1.632","0.886","0.088","0.365"
293,1,"3.622","0.568","-3.054","0.976","0.003","0.013"
294,1,"4.284","0.142","-4.142","0.999","0.001","0.003"
295,1,"1.420","0.198","-1.222","0.834","0.131","0.567"
296,1,"1.903","0.464","-1.440","0.912","0.060","0.242"
297,1,"2.375","0.101","-2.273","0.987","0.009","0.035"
298,1,"2.262","0.108","-2.154","0.975","0.018","0.070"
299,1,"0.880","0.272","-0.608","0.715","0.232","1.138"
300,1,"2.729","0.092","-2.637","0.996","0.002","0.009"
301,1,"4.248","0.455","-3.793","0.987","0.007","0.026"
302,1,"1.404","0.282","-1.122","0.855","0.115","0.488"
303,1,"1.482","0.235","-1.246","0.911","0.067","0.270"
304,1,"1.736","0.124","-1.611","0.955","0.032","0.125"
305,1,"2.331","0.128","-2.204","0.984","0.011","0.041"
306,1,"1.766","0.203","-1.563","0.918","0.063","0.254"
307,1,"0.818","0.220","-0.598","0.743","0.201","0.948"
308,1,"1.264","0.186","-1.079","0.826","0.134","0.584"
309,1,"1.676","0.178","-1.498","0.926","0.056","0.223"
310,1,"1.813","0.167","-1.647","0.937","0.047","0.187"
311,1,"2.242","0.123","-2.120","0.970","0.022","0.086"
312,1,"2.641","0.378","-2.263","0.976","0.016","0.060"
313,1,"2.696","0.105","-2.591","0.996","0.002","0.009"
314,1,"2.835","0.257","-2.578","0.857","0.117","0.498"
315,1,"2.419","0.161","-2.257","0.962","0.029","0.111"
316,1,"1.654","0.217","-1.438","0.905","0.073","0.298"
317,1,"0.886","0.499","-0.387","0.675","0.265","1.358"
318,1,"1.271","0.181","-1.091","0.831","0.130","0.564"
319,1,"2.238","0.128","-2.110","0.968","0.024","0.093"
320,1,"0.622","0.440","-0.182","0.535","0.403","2.547"
321,1,"2.779","0.115","-2.664","0.998","0.000","0.002"
322,1,"1.162","0.225","-0.937","0.873","0.098","0.411"
323,1,"1.775","0.149","-1.626","0.960","0.028","0.110"
324,1,"1.899","0.455","-1.444","0.915","0.058","0.234"
325,1,"1.970","0.871","-1.100","0.770","0.135","0.588"
326,1,"3.081","1.134","-1.947","0.836","0.009","0.035"
327,1,"2.098","0.887","-1.211","0.688","0.222","1.075"
328,1,"10.284","0.252","-10.032","1.000","0.000","0.000"
329,1,"1.794","0.488","-1.306","0.828","0.134","0.582"
330,1,"2.238","0.128","-2.110","0.968","0.024","0.093"
331,1,"0.889","0.258","-0.631","0.726","0.221","1.069"
332,1,"1.192","0.526","-0.666","0.724","0.221","1.072"
333,1,"0.904","0.239","-0.665","0.743","0.205","0.972"
334,1,"0.815","0.283","-0.533","0.695","0.249","1.248"
335,1,"2.832","0.098","-2.734","0.994","0.004","0.016"
336,1,"1.443","0.201","-1.242","0.903","0.074","0.303"
337,1,"1.930","0.456","-1.474","0.897","0.074","0.304"
338,1,"1.813","0.167","-1.647","0.937","0.047","0.187"
339,1,"1.361","0.206","-1.155","0.823","0.140","0.614"
340,1,"2.838","0.107","-2.731","0.993","0.005","0.019"
341,1,"2.835","0.257","-2.578","0.857","0.117","0.498"
342,1,"2.767","0.129","-2.638","0.993","0.004","0.016"
343,1,"0.904","0.239","-0.665","0.743","0.205","0.972"
344,1,"4.742","0.163","-4.579","1.000","0.000","0.000"
345,1,"0.889","0.258","-0.631","0.726","0.221","1.069"
346,1,"1.298","0.161","-1.137","0.847","0.115","0.491"
347,1,"2.229","0.133","-2.095","0.966","0.026","0.099"
348,1,"1.261","0.188","-1.073","0.825","0.136","0.593"
349,1,"4.171","0.673","-3.497","0.963","0.016","0.062"
350,1,"2.905","0.080","-2.826","1.000","0.000","0.000"
351,1,"1.893","0.156","-1.736","0.960","0.029","0.113"
352,1,"3.184","0.104","-3.080","0.999","0.000","0.002"
353,1,"3.346","0.081","-3.265","0.999","0.000","0.002"
354,1,"0.969","0.712","-0.257","0.494","0.441","2.982"
355,1,"1.208","0.446","-0.762","0.779","0.175","0.798"
356,1,"1.393","0.517","-0.876","0.805","0.147","0.649"
357,1,"2.727","0.089","-2.638","0.996","0.002","0.009"
358,1,"6.074","0.216","-5.858","1.000","0.000","0.000"
359,1,"6.590","0.219","-6.370","0.999","0.000","0.001"
360,1,"5.903","0.469","-5.434","0.997","0.001","0.004"
361,1,"1.711","0.735","-0.975","0.757","0.167","0.756"
362,1,"2.794","0.080","-2.714","0.999","0.000","0.002"
363,1,"1.264","0.852","-0.412","0.563","0.349","2.027"
364,1,"2.646","0.165","-2.481","0.979","0.014","0.052"
365,1,"5.909","0.667","-5.242","0.987","0.003","0.010"
366,1,"2.842","0.101","-2.741","0.996","0.002","0.008"
367,1,"1.801","0.175","-1.626","0.933","0.051","0.202"
368,1,"2.426","0.119","-2.308","0.988","0.008","0.031"
369,1,"0.827","0.208","-0.619","0.753","0.190","0.886"
370,1,"2.721","0.120","-2.601","0.931","0.051","0.202"
371,1,"1.972","0.870","-1.102","0.770","0.135","0.587"
372,1,"2.467","0.121","-2.346","0.984","0.011","0.042"
373,1,"2.594","0.136","-2.458","0.991","0.005","0.020"
374,1,"1.271","0.181","-1.091","0.831","0.130","0.564"
375,1,"2.358","0.159","-2.200","0.973","0.019","0.074"
376,1,"1.320","0.147","-1.173","0.859","0.104","0.438"
377,1,"2.885","1.088","-1.797","0.797","0.066","0.266"
378,1,"2.086","1.075","-1.011","0.609","0.268","1.381"
379,1,"0.830","0.500","-0.330","0.658","0.280","1.466"
380,1,"1.486","3.009","1.523","0.030","0.655","7.178"
381,1,"1.703","0.143","-1.560","0.945","0.041","0.160"
382,1,"3.792","0.133","-3.659","1.000","0.000","0.000"
383,1,"1.851","0.185","-1.666","0.947","0.039","0.152"
384,1,"1.195","0.479","-0.715","0.755","0.195","0.917"
385,1,"1.171","0.214","-0.957","0.881","0.092","0.380"
386,1,"1.793","0.161","-1.632","0.886","0.088","0.365"
387,1,"2.430","0.115","-2.315","0.988","0.008","0.030"
388,1,"0.889","0.258","-0.631","0.726","0.221","1.069"
389,1,"5.380","0.451","-4.930","0.999","0.000","0.000"
390,1,"3.153","0.127","-3.026","0.998","0.000","0.001"
391,1,"3.207","0.132","-3.075","0.998","0.001","0.003"
392,1,"1.171","0.214","-0.957","0.881","0.092","0.380"
393,1,"1.162","0.225","-0.937","0.873","0.098","0.411"
394,1,"1.384","0.228","-1.155","0.811","0.152","0.674"
395,1,"2.741","0.105","-2.637","0.995","0.003","0.012"
396,1,"2.721","0.120","-2.601","0.931","0.051","0.202"
397,1,"2.245","0.122","-2.123","0.970","0.022","0.086"
398,1,"3.423","0.107","-3.316","0.999","0.001","0.003"
399,1,"1.384","0.228","-1.155","0.811","0.152","0.674"
400,1,"3.396","0.102","-3.295","0.999","0.001","0.003"
401,1,"2.698","0.099","-2.599","0.997","0.002","0.008"
402,1,"1.341","0.493","-0.847","0.661","0.291","1.550"
403,1,"2.426","0.119","-2.307","0.988","0.008","0.031"
404,1,"2.427","0.119","-2.308","0.988","0.008","0.031"
405,1,"1.261","0.188","-1.073","0.825","0.136","0.593"
406,1,"1.799","0.473","-1.325","0.836","0.128","0.552"
407,1,"2.294","0.132","-2.163","0.978","0.016","0.061"
408,1,"0.827","0.208","-0.619","0.753","0.190","0.886"
409,1,"1.193","0.481","-0.712","0.753","0.196","0.923"
410,1,"2.832","0.118","-2.715","0.998","0.000","0.002"
411,1,"2.230","0.133","-2.098","0.966","0.025","0.099"
412,1,"2.732","0.079","-2.654","0.997","0.002","0.007"
413,1,"1.793","0.161","-1.632","0.886","0.088","0.365"
414,1,"1.462","0.174","-1.288","0.920","0.060","0.242"
415,1,"2.841","0.103","-2.738","0.993","0.005","0.017"
416,1,"2.713","0.104","-2.608","0.996","0.002","0.008"
417,1,"2.442","0.150","-2.292","0.977","0.016","0.061"
418,1,"2.984","0.092","-2.892","0.999","0.001","0.002"
419,1,"1.777","2.131","0.354","0.254","0.417","2.699"
420,1,"2.982","0.086","-2.896","0.999","0.001","0.002"
421,1,"1.384","0.228","-1.155","0.811","0.152","0.674"
422,1,"3.807","0.134","-3.673","1.000","0.000","0.000"
423,1,"0.827","0.208","-0.619","0.753","0.190","0.886"
424,1,"2.837","0.087","-2.751","0.995","0.003","0.012"
425,1,"1.087","0.196","-0.891","0.889","0.084","0.347"
426,1,"1.853","0.185","-1.668","0.947","0.039","0.151"
427,1,"6.596","0.219","-6.377","0.999","0.000","0.001"
428,1,"0.889","0.258","-0.631","0.726","0.221","1.069"
429,1,"0.833","0.200","-0.633","0.761","0.183","0.845"
430,1,"2.232","0.133","-2.099","0.966","0.025","0.098"
431,1,"0.821","0.237","-0.585","0.730","0.213","1.024"
432,1,"1.793","0.161","-1.632","0.886","0.088","0.365"
433,1,"2.617","0.133","-2.484","0.990","0.007","0.025"
434,1,"2.244","0.122","-2.122","0.970","0.022","0.086"
435,1,"2.841","0.101","-2.740","0.996","0.002","0.009"
436,1,"2.361","0.110","-2.251","0.984","0.011","0.042"
437,1,"0.889","0.258","-0.631","0.726","0.221","1.069"
438,1,"3.071","0.092","-2.979","1.000","0.000","0.001"
439,1,"0.904","0.239","-0.665","0.743","0.205","0.972"
440,1,"0.911","0.229","-0.682","0.751","0.197","0.924"
441,1,"0.880","0.272","-0.608","0.715","0.232","1.138"
442,1,"2.832","0.086","-2.746","0.999","0.001","0.003"
443,1,"2.844","0.103","-2.741","0.993","0.005","0.017"
444,1,"2.690","0.115","-2.575","0.995","0.003","0.010"
445,1,"3.586","0.561","-3.025","0.940","0.035","0.138"
446,1,"2.848","0.107","-2.741","0.993","0.005","0.018"
447,1,"2.238","0.126","-2.112","0.968","0.023","0.091"
448,1,"2.465","0.121","-2.344","0.984","0.011","0.042"
449,1,"2.363","0.109","-2.254","0.985","0.011","0.041"
450,1,"4.365","0.131","-4.235","1.000","0.000","0.001"
451,1,"1.261","0.188","-1.073","0.825","0.136","0.593"
452,1,"5.071","0.163","-4.907","1.000","0.000","0.000"
453,1,"1.759","0.159","-1.601","0.956","0.032","0.124"
454,1,"2.406","0.138","-2.268","0.984","0.011","0.042"
455,1,"3.300","0.434","-2.866","0.989","0.005","0.020"
456,1,"3.477","0.143","-3.333","0.999","0.000","0.001"
457,1,"2.440","0.150","-2.290","0.977","0.016","0.061"
458,1,"1.766","0.203","-1.563","0.918","0.063","0.255"
459,1,"1.231","0.907","-0.324","0.546","0.352","2.047"
460,1,"1.853","0.185","-1.668","0.947","0.039","0.151"
461,1,"1.449","0.230","-1.219","0.887","0.088","0.364"
462,1,"1.166","0.619","-0.547","0.738","0.195","0.916"
463,1,"2.036","0.512","-1.524","0.838","0.125","0.539"
464,1,"7.541","0.252","-7.289","1.000","0.000","0.000"
465,1,"1.384","0.228","-1.155","0.811","0.152","0.674"
466,1,"2.017","0.553","-1.463","0.891","0.071","0.287"
467,1,"0.616","0.477","-0.139","0.505","0.433","2.885"
468,1,"0.657","0.612","-0.045","0.438","0.500","3.777"
469,1,"1.732","0.686","-1.046","0.725","0.215","1.036"
470,1,"1.384","0.228","-1.155","0.811","0.152","0.674"
471,1,"2.827","0.089","-2.738","0.998","0.001","0.003"
472,1,"0.941","0.757","-0.184","0.438","0.496","3.721"
473,1,"1.733","0.124","-1.608","0.955","0.032","0.126"
474,1,"1.793","0.161","-1.632","0.886","0.088","0.365"
475,1,"1.793","0.161","-1.632","0.886","0.088","0.365"
476,1,"0.889","0.258","-0.631","0.726","0.221","1.069"
477,1,"1.981","0.937","-1.043","0.744","0.144","0.634"
478,1,"1.765","0.203","-1.562","0.918","0.063","0.255"
479,1,"4.028","0.484","-3.544","0.994","0.000","0.001"
480,1,"2.734","0.071","-2.663","0.998","0.001","0.005"
481,1,"2.872","0.587","-2.285","0.965","0.005","0.017"
482,1,"1.462","0.174","-1.288","0.920","0.060","0.242"
483,1,"2.840","0.101","-2.739","0.996","0.002","0.009"
484,1,"1.739","0.124","-1.615","0.956","0.032","0.125"
485,1,"2.986","0.087","-2.899","0.999","0.001","0.002"
486,1,"0.911","0.229","-0.682","0.751","0.197","0.924"
487,1,"0.714","0.252","-0.462","0.698","0.241","1.200"
488,1,"1.820","0.162","-1.658","0.940","0.045","0.179"
489,1,"1.816","0.166","-1.649","0.937","0.047","0.187"
490,1,"4.358","0.114","-4.244","1.000","0.000","0.000"
491,1,"2.840","0.103","-2.737","0.993","0.005","0.017"
492,1,"1.793","0.161","-1.632","0.886","0.088","0.365"
493,1,"2.361","0.110","-2.251","0.984","0.011","0.042"
494,1,"1.335","0.278","-1.056","0.777","0.183","0.847"
495,1,"1.251","1.243","-0.008","0.403","0.457","3.171"
496,1,"0.889","0.258","-0.631","0.726","0.221","1.069"
497,1,"3.697","0.500","-3.198","0.957","0.028","0.108"
498,1,"2.418","0.161","-2.257","0.962","0.029","0.111"
499,1,"1.675","0.178","-1.497","0.926","0.056","0.223"
500,1,"1.786","0.191","-1.595","0.925","0.058","0.231"
501,1,"0.969","0.711","-0.258","0.495","0.441","2.978"
502,1,"2.842","0.104","-2.738","0.996","0.002","0.009"
503,1,"2.358","0.159","-2.199","0.972","0.019","0.075"
504,1,"0.843","0.187","-0.656","0.773","0.171","0.779"
505,1,"2.469","0.117","-2.352","0.985","0.010","0.040"
506,1,"0.821","0.237","-0.585","0.730","0.213","1.024"
507,1,"1.838","0.858","-0.981","0.720","0.196","0.920"
508,1,"3.409","1.123","-2.286","0.772","0.091","0.379"
509,1,"6.363","0.210","-6.153","1.000","0.000","0.000"
510,1,"0.640","0.748","0.108","0.341","0.597","5.585"
511,1,"1.420","0.198","-1.222","0.834","0.131","0.567"
512,1,"2.350","0.159","-2.191","0.972","0.020","0.076"
513,1,"2.765","0.133","-2.632","0.992","0.005","0.017"
514,1,"2.053","0.930","-1.123","0.727","0.176","0.805"
515,1,"0.889","0.258","-0.631","0.726","0.221","1.069"
516,1,"1.799","0.473","-1.326","0.836","0.128","0.552"
517,1,"2.114","0.554","-1.560","0.876","0.085","0.352"
518,1,"0.827","0.208","-0.619","0.753","0.190","0.886"
519,1,"6.905","0.492","-6.412","0.999","0.000","0.000"
520,1,"2.140","0.572","-1.568","0.820","0.136","0.594"
521,1,"3.340","0.096","-3.244","1.000","0.000","0.000"
522,1,"2.639","0.438","-2.201","0.966","0.022","0.084"
523,1,"1.271","0.181","-1.091","0.831","0.130","0.564"
524,1,"2.449","0.140","-2.309","0.980","0.014","0.055"
525,1,"1.153","0.752","-0.401","0.578","0.345","1.984"
526,1,"3.201","0.755","-2.446","0.572","0.374","2.252"
527,1,"7.962","0.484","-7.478","0.985","0.010","0.038"
528,1,"1.687","0.154","-1.533","0.939","0.046","0.180"
529,1,"1.787","1.904","0.117","0.272","0.442","2.989"
530,1,"1.676","0.178","-1.498","0.926","0.056","0.223"
531,1,"2.359","0.127","-2.231","0.980","0.014","0.053"
532,1,"1.793","0.161","-1.632","0.886","0.088","0.365"
533,1,"1.264","0.186","-1.079","0.826","0.134","0.584"
534,1,"0.528","0.257","-0.270","0.641","0.286","1.510"
535,1,"0.617","0.542","-0.074","0.460","0.478","3.461"
536,1,"2.844","0.102","-2.742","0.994","0.004","0.017"
537,1,"3.396","0.105","-3.292","0.999","0.001","0.003"
538,1,"1.214","0.624","-0.591","0.716","0.218","1.054"
539,1,"1.663","0.216","-1.447","0.906","0.073","0.295"
540,1,"1.261","0.188","-1.073","0.825","0.136","0.593"
541,1,"1.218","0.612","-0.607","0.681","0.256","1.299"
542,1,"1.279","0.695","-0.584","0.530","0.410","2.625"
543,1,"5.356","0.608","-4.748","0.996","0.000","0.002"
544,1,"0.598","0.752","0.154","0.320","0.618","6.112"
545,1,"2.353","0.117","-2.236","0.983","0.012","0.047"
546,1,"1.220","0.612","-0.608","0.682","0.256","1.297"
547,1,"0.369","0.317","-0.053","0.506","0.409","2.611"
548,1,"2.599","0.136","-2.463","0.991","0.005","0.020"
549,1,"1.268","0.916","-0.353","0.539","0.366","2.176"
550,1,"2.419","0.126","-2.293","0.986","0.009","0.035"
551,1,"2.142","0.572","-1.570","0.820","0.136","0.593"
552,1,"5.661","0.607","-5.054","0.997","0.000","0.000"
553,1,"2.418","0.161","-2.257","0.962","0.029","0.111"
554,1,"1.976","0.870","-1.106","0.771","0.134","0.583"
555,1,"2.244","0.122","-2.121","0.970","0.022","0.086"
556,1,"2.832","0.078","-2.754","0.996","0.003","0.010"
557,1,"2.622","0.448","-2.174","0.963","0.023","0.090"
558,1,"1.801","0.464","-1.336","0.841","0.124","0.533"
559,1,"2.763","0.133","-2.630","0.992","0.005","0.017"
560,1,"2.425","0.119","-2.307","0.988","0.008","0.031"
561,1,"2.390","0.162","-2.228","0.961","0.029","0.114"
562,1,"0.475","0.748","0.273","0.257","0.687","8.271"
563,1,"2.129","0.699","-1.430","0.770","0.165","0.747"
564,1,"2.842","0.118","-2.724","0.998","0.000","0.002"
565,1,"0.911","0.229","-0.682","0.751","0.197","0.924"
566,1,"2.845","0.107","-2.738","0.993","0.005","0.019"
567,1,"1.743","0.174","-1.569","0.949","0.037","0.146"
568,1,"4.830","0.186","-4.644","1.000","0.000","0.000"
569,1,"0.889","0.258","-0.631","0.726","0.221","1.069"
570,1,"0.821","0.237","-0.585","0.730","0.213","1.024"
571,1,"2.254","0.108","-2.146","0.975","0.018","0.071"
572,1,"1.177","0.209","-0.968","0.885","0.088","0.365"
573,1,"0.881","0.533","-0.348","0.647","0.289","1.536"
574,1,"2.283","0.490","-1.793","0.781","0.180","0.827"
