﻿name,country
AB245477,Saudi Arabia
HQ317233,USA
HQ317236,USA
HQ317237,USA
JF714707,Saudi Arabia
JF714708,Saudi Arabia
JQ736673,USA
JQ736674,USA
JQ736676,USA
JQ736677,USA
JQ736678,USA
JQ736679,USA
JQ736680,USA
JX576729,Belgium
JX576730,Belgium
JX576731,Belgium
JX576732,Belgium
JX576733,Netherlands
JX576734,Netherlands
JX576735,Netherlands
JX576736,Netherlands
JX576737,Netherlands
JX576738,Netherlands
JX576739,Netherlands
JX576740,Netherlands
JX576741,Netherlands
JX576742,Netherlands
JX576743,Netherlands
JX576744,Netherlands
JX576745,Netherlands
JX576746,Netherlands
JX576747,Netherlands
JX576748,Netherlands
JX576749,Netherlands
JX576750,Netherlands
JX576751,Netherlands
JX576752,Netherlands
JX576753,Netherlands
JX576754,Netherlands
JX576755,Netherlands
JX576756,Netherlands
JX576757,Netherlands
JX576758,Netherlands
JX576759,Netherlands
JX576760,Netherlands
JX576761,Netherlands
KF246586,India
KF246588,India
KF246591,India
KF246592,India
KF246593,India
KF246595,India
KF246598,India
KF246600,India
KF246601,India
KF246610,India
KF246625,India
KF246629,India
KF246631,India
KF246633,India
KF246634,India
KF246637,India
KF893260,Netherlands
KJ939919,Vietnam
KJ939920,Vietnam
KJ939921,Vietnam
KJ939922,Vietnam
KJ939923,Vietnam
KJ939924,Vietnam
KJ939925,Vietnam
KJ939926,Vietnam
KJ939927,Vietnam
KJ939928,Vietnam
KJ939929,Vietnam
KJ939930,Vietnam
KJ939931,Vietnam
KJ939932,Vietnam
KJ939933,Vietnam
KJ939934,Vietnam
KM042393,USA
KM517573,China
KP317917,Kenya
KP317923,Kenya
KP317927,Kenya
KP317928,Kenya
KP317932,Kenya
KP317934,Kenya
KP317945,Kenya
KP317952,Kenya
KP663729,South Korea
KP663730,South Korea
KP856961,USA
KP856963,USA
KP856965,USA
KP856966,USA
KU839623,USA
KU839625,USA
KU839627,USA
KU839628,USA
KU839629,USA
KU839632,USA
KU839633,USA
KU839634,USA
KU839635,USA
KU839636,USA
KU839638,USA
KU839640,USA
KU839641,USA
KX858756,Netherlands
KY249656,United Kingdom
KY249657,United Kingdom
KY249658,United Kingdom
KY249659,United Kingdom
KY249660,United Kingdom
KY249661,United Kingdom
KY249662,United Kingdom
KY249663,United Kingdom
KY249664,United Kingdom
KY249665,United Kingdom
KY249666,United Kingdom
KY249667,United Kingdom
KY249668,United Kingdom
KY249669,United Kingdom
KY249670,United Kingdom
KY249671,United Kingdom
KY249672,United Kingdom
KY249673,United Kingdom
KY249674,United Kingdom
KY249675,United Kingdom
KY249676,United Kingdom
KY249677,United Kingdom
KY249678,United Kingdom
KY249679,United Kingdom
KY249680,United Kingdom
KY249681,United Kingdom
KY249682,United Kingdom
KY249683,United Kingdom
KY296617,China
KY296618,China
KY296619,China
KY296620,China
KY296621,China
KY296622,China
KY296623,China
KY296624,China
KY296625,China
KY296626,China
KY296627,China
KY296628,China
KY296629,China
KY296630,China
KY296631,China
KY296632,China
KY296633,China
KY296634,China
KY296635,China
KY296636,China
KY296637,China
KY296638,China
KY296639,China
KY296640,China
KY296641,China
KY296642,China
KY296643,China
KY296644,China
KY296645,China
KY296646,China
KY296647,China
KY296648,China
KY296649,China
KY296650,China
KY296651,China
KY296652,China
KY296653,China
KY296654,China
KY296655,China
KY296656,China
KY296657,China
KY296658,China
KY296659,China
KY296660,China
KY296661,China
KY296662,China
KY296663,China
KY296664,China
KY296665,China
KY296666,China
KY296667,China
KY296668,China
KY296669,China
KY296670,China
KY296671,China
KY296672,China
KY296673,China
KY296674,China
KY296675,China
KY296676,China
KY296677,China
KY296678,China
KY296679,China
KY296680,China
KY296681,China
KY296682,China
KY296683,China
KY296684,China
KY296685,China
KY296686,China
KY296687,China
KY296688,China
KY296689,China
KY296690,China
KY296691,China
KY296692,China
KY296693,China
KY296694,China
KY296695,China
KY296696,China
KY296697,China
KY296698,China
KY296699,China
KY296700,China
KY296701,China
KY296702,China
KY296703,China
KY296704,China
KY296705,China
KY296706,China
KY674983,USA
KY684758,USA
LC311524,Philippines
LC311525,Philippines
LC311526,Philippines
LC311527,Philippines
LC311528,Philippines
LC311529,Philippines
LC311530,Philippines
LC311531,Philippines
LC311532,Philippines
LC311533,Philippines
LC311534,Philippines
LC311535,Philippines
LC311536,Philippines
LC311537,Philippines
LC311538,Philippines
LC311539,Philippines
LC311540,Philippines
LC311541,Philippines
LC311542,Philippines
LC311543,Philippines
LC311544,Philippines
LC311545,Philippines
LC311546,Philippines
LC311547,Philippines
LC311548,Philippines
LC311549,Philippines
LC311550,Philippines
LC311551,Philippines
LC311552,Philippines
LC311553,Philippines
LC311554,Philippines
LC311555,Philippines
LC311556,Philippines
LC311557,Philippines
LC311558,Philippines
LC311559,Philippines
LC311560,Philippines
LC311561,Philippines
LC311562,Philippines
LC311563,Philippines
LC311564,Philippines
LC311565,Philippines
LC311566,Philippines
LC311567,Philippines
LC311568,Philippines
LC311569,Philippines
LC311570,Philippines
LC311571,Philippines
LC311572,Philippines
LC311573,Philippines
LC377910,Philippines
LC377911,Philippines
LC384997,Philippines
LC384998,Philippines
LC384999,Philippines
LC385000,Philippines
LC385001,Philippines
LC385002,Philippines
LC385003,Philippines
LC385004,Philippines
LC385005,Philippines
LC385006,Philippines
LC385007,Philippines
LC385008,Philippines
LC699635,Japan
LC699636,Japan
MF001040,USA
MF001042,USA
MF001044,USA
MF001045,USA
MF001046,USA
MF001048,USA
MF001055,USA
MF001058,USA
MF361899,Spain
MF361900,Spain
MF361901,Spain
MF361902,Spain
MF361903,Spain
MF361904,Uruguay
MF361905,Spain
MF426028,China
MF426029,China
MF445662,China
MF445663,China
MF445664,China
MF445665,China
MF445666,China
MF445667,China
MF445668,China
MF445669,China
MF445670,China
MF445671,China
MF445672,China
MF445673,China
MF445674,China
MF445675,China
MF445676,China
MF445677,China
MF445678,China
MF445679,China
MF445680,China
MF445681,China
MF445682,China
MF445683,China
MF445684,China
MF445685,China
MF445686,China
MF445687,China
MF445688,China
MF445689,China
MF445690,China
MF445691,China
MF445692,China
MF445693,China
MF445694,China
MF445695,China
MF445696,China
MF445697,China
MF445698,China
MF445699,China
MF445700,China
MF445701,China
MF445702,China
MF445703,China
MF445704,China
MF445705,China
MF445706,China
MF445707,China
MF445708,China
MF445709,China
MF445710,China
MF445711,China
MF445712,China
MF445713,China
MF445714,China
MF445715,China
MF445716,China
MF445717,China
MF445718,China
MF445719,China
MF445720,China
MF445721,China
MF445722,China
MF445723,China
MF445724,China
MF445725,China
MF445726,China
MF445727,China
MF445728,China
MF445729,China
MF445730,China
MF445731,China
MF445732,China
MF445733,China
MF445734,China
MF445735,China
MF445736,China
MF445737,China
MF445738,China
MF445739,China
MF445740,China
MF445741,China
MF445742,China
MF445743,China
MF445820,China
MF445821,China
MF445822,China
MF445823,China
MF445824,China
MF445825,China
MF445826,China
MF445827,China
MF445828,China
MF445829,China
MF445830,China
MF445831,China
MF445832,China
MF445833,China
MF445834,China
MF445835,China
MF445836,China
MF445837,China
MF445838,China
MF445839,China
MF445840,China
MF445841,China
MF445842,China
MF445843,China
MF445844,China
MF445845,China
MF445846,China
MF445847,China
MF445848,China
MF445849,China
MF445850,China
MF445851,China
MF445852,China
MF445853,China
MF445854,China
MF445855,China
MF445856,China
MF445857,China
MF445858,China
MF445859,China
MF445860,China
MF445861,China
MF445862,China
MF445863,China
MF445864,China
MF445865,China
MF445866,China
MF445867,China
MF445868,China
MF445869,China
MF445870,China
MF445871,China
MF445872,China
MF445873,China
MF445874,China
MF445875,China
MF445876,China
MF445877,China
MF445878,China
MF445879,China
MF445880,China
MF445881,China
MF445882,China
MF445883,China
MF445884,China
MF445885,China
MF445886,China
MF445887,China
MF445888,China
MF445889,China
MF445890,China
MF445891,China
MF445892,China
MF445893,China
MF445894,China
MF445895,China
MF445896,China
MF445897,China
MF445898,China
MF445899,China
MF973154,USA
MG431251,Brazil
MG431252,Brazil
MG431253,Brazil
MG642025,USA
MG642027,USA
MG642036,USA
MG642037,USA
MG642039,USA
MG642042,USA
MG642043,USA
MG642044,USA
MG642045,USA
MG642046,USA
MG642047,USA
MG642049,USA
MG642051,USA
MG642054,USA
MG642057,USA
MG642059,USA
MG642062,USA
MG642064,USA
MG642065,USA
MG642066,USA
MG642068,USA
MG642072,USA
MG642076,USA
MG642078,USA
MG642082,USA
MH327947,India
MK109764,Jordan
MK109765,Jordan
MK109766,Jordan
MK109767,Jordan
MK109768,Jordan
MK109769,Jordan
MK109770,Jordan
MK109771,Jordan
MK109778,Jordan
MK109779,Jordan
MK109780,Jordan
MK109781,Jordan
MK109782,Jordan
MK109783,Jordan
MK109784,Jordan
MK109786,Jordan
MK109788,Jordan
MK109789,Jordan
MK481079,Russia
MK534511,Russia
MK749866,Nicaragua
MK749868,Nicaragua
MK749869,Nicaragua
MK749870,Nicaragua
MK749871,Nicaragua
MK749872,Nicaragua
MK749873,Nicaragua
MK749874,Nicaragua
MK749875,Nicaragua
MK749876,Nicaragua
MK749877,Nicaragua
MK749878,Nicaragua
MK749879,Nicaragua
MK749880,Nicaragua
MK749881,Nicaragua
MK749882,Nicaragua
MK749883,Nicaragua
MK749885,Nicaragua
MK749887,Nicaragua
MK749888,Nicaragua
MK749889,Nicaragua
MK749891,Nicaragua
MK749892,Nicaragua
MK749894,Nicaragua
MK749896,Nicaragua
MK749897,Nicaragua
MK749898,Nicaragua
MK749899,Nicaragua
MK749900,Nicaragua
MK749901,Nicaragua
MK749902,Nicaragua
MK749903,Nicaragua
MK749904,Nicaragua
MK749905,Nicaragua
MK749906,Nicaragua
MK749907,Nicaragua
MK749908,Nicaragua
MK749910,Nicaragua
MK749914,Nicaragua
MK749915,Nicaragua
MK749916,Nicaragua
MT040081,USA
MT040084,USA
MT040085,USA
MT040086,USA
MT040088,USA
MT040089,USA
MT107528,Switzerland
MT373703,Russia
MT373704,Russia
MT373705,Russia
MW020595,Australia
MW160744,Australia
MW160745,Australia
MW160748,Australia
MW160750,Australia
MW160751,Australia
MW160752,Australia
MW160755,Australia
MW160757,Australia
MW160760,Australia
MW160763,Australia
MW160765,Australia
MW160770,Australia
MW160775,Australia
MW160777,Australia
MW160780,Australia
MW160781,Australia
MW160784,Australia
MW160786,Australia
MW160788,Australia
MW160789,Australia
MW160790,Australia
MW160791,Australia
MW160792,Australia
MW160793,Australia
MW160794,Australia
MW160796,Australia
MW160798,Australia
MW160800,Australia
MW160802,Australia
MW160804,Australia
MW160805,Australia
MW160806,Australia
MW160808,Australia
MW160810,Australia
MW160811,Australia
MW160812,Australia
MW160813,Australia
MW160814,Australia
MW160815,Australia
MW160816,Australia
MW160817,Australia
MW160818,Australia
MW160821,Australia
MW160823,Australia
MW160826,Australia
MW160829,Australia
MW160831,Australia
MW160832,Australia
MW160833,Australia
MW160834,Australia
MW160836,Australia
MW160837,Australia
MW160838,Australia
MW160839,Australia
MW582529,Germany
MZ151849,Russia
MZ151850,Russia
MZ151856,Russia
MZ515553,United Kingdom
MZ515554,Netherlands
MZ515557,United Kingdom
MZ515558,Netherlands
MZ515560,Netherlands
MZ515561,United Kingdom
MZ515562,Netherlands
MZ515565,Netherlands
MZ515574,Netherlands
MZ515578,Netherlands
MZ515581,Netherlands
MZ515584,United Kingdom
MZ515586,Netherlands
MZ515587,Netherlands
MZ515590,United Kingdom
MZ515591,United Kingdom
MZ515594,United Kingdom
MZ515595,Netherlands
MZ515596,United Kingdom
MZ515598,Netherlands
MZ515599,Netherlands
MZ515603,Netherlands
MZ515605,Netherlands
MZ515607,United Kingdom
MZ515608,Spain
MZ515611,Netherlands
MZ515612,Netherlands
MZ515613,United Kingdom
MZ515622,United Kingdom
MZ515625,Netherlands
MZ515627,United Kingdom
MZ515636,United Kingdom
MZ515637,United Kingdom
MZ515638,Spain
MZ515639,Netherlands
MZ515648,Netherlands
MZ515653,United Kingdom
MZ515656,Spain
MZ515658,Netherlands
MZ515660,Netherlands
MZ515663,Netherlands
MZ515664,Netherlands
MZ515665,Netherlands
MZ515667,United Kingdom
MZ515669,United Kingdom
MZ515670,Netherlands
MZ515671,United Kingdom
MZ515672,United Kingdom
MZ515674,Netherlands
MZ515677,United Kingdom
MZ515678,United Kingdom
MZ515683,Netherlands
MZ515684,Spain
MZ515694,United Kingdom
MZ515698,United Kingdom
MZ515699,Netherlands
MZ515704,Netherlands
MZ515707,United Kingdom
MZ515710,Netherlands
MZ515712,United Kingdom
MZ515713,Netherlands
MZ515715,Spain
MZ515716,United Kingdom
MZ515719,United Kingdom
MZ515724,Netherlands
MZ515726,United Kingdom
MZ515727,United Kingdom
MZ515728,Spain
MZ515729,Netherlands
MZ515732,United Kingdom
MZ515738,Spain
MZ515743,Netherlands
MZ515746,Netherlands
MZ515748,Spain
MZ515751,United Kingdom
MZ515753,United Kingdom
MZ515756,United Kingdom
MZ515757,United Kingdom
MZ515759,United Kingdom
MZ515761,Netherlands
MZ515762,United Kingdom
MZ515764,Netherlands
MZ515769,United Kingdom
MZ515770,Netherlands
MZ515771,Spain
MZ515775,United Kingdom
MZ515776,Spain
MZ515778,United Kingdom
MZ515779,United Kingdom
MZ515786,United Kingdom
MZ515792,Netherlands
MZ515793,Netherlands
MZ515794,Netherlands
MZ515799,Netherlands
MZ515805,Netherlands
MZ515807,United Kingdom
MZ515809,United Kingdom
MZ515812,United Kingdom
MZ515817,Netherlands
MZ515820,United Kingdom
MZ515823,United Kingdom
MZ515824,United Kingdom
MZ515827,Spain
MZ515830,United Kingdom
MZ515831,Netherlands
MZ515832,United Kingdom
MZ515836,Netherlands
MZ515837,United Kingdom
MZ515839,United Kingdom
MZ515845,Netherlands
MZ515846,United Kingdom
MZ515849,Netherlands
MZ515863,Spain
MZ515865,Netherlands
MZ515868,Netherlands
MZ515869,Netherlands
MZ515871,United Kingdom
MZ515872,Spain
MZ515883,Netherlands
MZ515889,Netherlands
MZ515890,United Kingdom
MZ515895,United Kingdom
MZ515899,Spain
MZ515903,United Kingdom
MZ515904,United Kingdom
MZ515916,United Kingdom
MZ515918,Netherlands
MZ515924,United Kingdom
MZ515925,United Kingdom
MZ515926,Netherlands
MZ515936,United Kingdom
MZ515937,United Kingdom
MZ515938,Spain
MZ515944,Netherlands
MZ515946,Netherlands
MZ515950,Netherlands
MZ515955,Netherlands
MZ515970,United Kingdom
MZ515972,Spain
MZ515974,Netherlands
MZ515975,Netherlands
MZ515977,Netherlands
MZ515978,United Kingdom
MZ515979,United Kingdom
MZ515988,United Kingdom
MZ515990,Netherlands
MZ515995,Netherlands
MZ515996,Netherlands
MZ515997,Netherlands
MZ516003,Netherlands
MZ516016,Netherlands
MZ516021,United Kingdom
MZ516022,Netherlands
MZ516025,Netherlands
MZ516030,Spain
MZ516032,Netherlands
MZ516041,Netherlands
MZ516045,United Kingdom
MZ516049,United Kingdom
MZ516054,Spain
MZ516056,Spain
MZ516059,Netherlands
MZ516060,Netherlands
MZ516061,United Kingdom
MZ516062,Netherlands
MZ516065,United Kingdom
MZ516082,Netherlands
MZ516083,Spain
MZ516094,Netherlands
MZ516095,Netherlands
MZ516098,United Kingdom
MZ516102,United Kingdom
MZ516104,Netherlands
MZ516107,United Kingdom
MZ516109,United Kingdom
MZ516113,Netherlands
MZ516114,Spain
MZ516123,United Kingdom
MZ516135,Netherlands
MZ516139,United Kingdom
MZ516141,Netherlands
NC_001781,Austria
OK500261,France
OK500262,France
OK500263,France
OK500264,France
OK649685,Brazil
OK649686,Brazil
OK649687,Brazil
OK649688,Brazil
OK649689,Brazil
OK649690,Brazil
OK649691,Brazil
OK649692,Brazil
OK649693,Brazil
OK649694,Brazil
OK649695,Brazil
OK649696,Brazil
OK649697,Brazil
OK649698,Brazil
OK649699,Brazil
OK649700,Brazil
OK649701,Brazil
OK649702,Brazil
OK649703,Brazil
OK649704,Brazil
OK649705,Brazil
OK649706,Brazil
OK649707,Brazil
OK649708,Brazil
OK649709,Brazil
OK649710,Brazil
OK649711,Brazil
OK649712,Brazil
OK649713,Brazil
OK649714,Brazil
OK649715,Brazil
OK649716,Brazil
OK649717,Brazil
OK649718,Brazil
OK649719,Brazil
OK649720,Brazil
OK649721,Brazil
OK649722,Brazil
OK649723,Brazil
OK649724,Brazil
OK649725,Brazil
OK649726,Brazil
OK649727,Brazil
OK649728,Brazil
OK649729,Brazil
OK649730,Brazil
OK649731,Brazil
OK649732,Brazil
OK649733,Brazil
OK649734,Brazil
OK649735,Brazil
OK649736,Brazil
OK649737,Brazil
OK649738,Brazil
OK649739,Brazil
OK649740,Canada
OK649741,Kenya
OK649742,Kenya
OK649743,Kenya
OK649744,Kenya
OK649745,USA
OK649746,USA
OK649747,USA
OK649748,USA
OK649749,USA
OK649750,USA
OK649751,USA
OK649752,USA
OK649753,USA
OK649754,USA
OK649755,USA
OL321917,USA
OM857368,Australia
OM857369,Australia
OM857370,Australia
OM857371,Australia
OM857372,Australia
OM857373,Australia
OM857375,Australia
OM857380,Australia
OM857381,Australia
OM857382,Australia
OM857383,Australia
OM857384,Australia
OM857385,Australia
OM857386,Australia
OM857387,Australia
OM857388,Australia
OM857389,Australia
OM857390,Australia
OM857392,Australia
OM857393,Australia
OM857396,Australia
OM857397,Australia
ON057284,USA
ON057310,USA
OP661324,Taiwan
OP890341,USA
OP890342,USA
OP890343,USA
OP890344,USA
OP890345,USA
OP890346,USA
OP890347,USA
OP890348,USA
OP890349,USA
OP890350,USA
OP965698,USA
OP965700,USA
OP965701,USA
OP965702,USA
OP965703,USA
OP965704,USA
OP965705,USA
OP965706,USA
OP965707,USA
OP965708,USA
OP965709,USA
OP965710,USA
OQ024159,USA
OQ024160,USA
OQ024161,USA
OQ024162,USA
OQ171932,USA
OQ171933,USA
OQ171934,USA
OQ171935,USA
OQ171936,USA
OQ171937,USA
OQ171938,USA
OQ171939,USA
OQ171940,USA
OQ171941,USA
OQ171942,USA
OQ261738,Austria
OQ261740,Austria
OQ261741,Austria
OQ261742,Austria
OQ261743,Austria
OQ261744,Austria
OQ261745,Austria
OQ278296,Australia
OQ278297,Australia
OQ278298,Australia
OQ278299,Australia
OQ278300,Australia
OQ278301,Australia
OQ278302,Australia
OQ278303,Australia
OQ278304,Australia
OQ278305,Australia
OQ278306,Australia
OQ278307,Australia
OQ278308,Australia
OQ278309,Australia
OQ278310,Australia
OQ278311,Australia
OQ278312,Brazil
OQ278313,Brazil
OQ278314,Brazil
OQ278315,Brazil
OQ278316,Brazil
OQ278317,Brazil
OQ278318,Brazil
OQ278319,Brazil
OQ278320,Brazil
OQ278321,Brazil
OQ278322,Brazil
OQ278323,Brazil
OQ278324,Brazil
OQ278325,Brazil
OQ278326,Brazil
OQ278327,Brazil
OQ278328,Brazil
OQ278329,Brazil
OQ278330,Brazil
OQ278331,Brazil
OQ278332,Brazil
OQ278333,Brazil
OQ278334,Brazil
OQ278335,Brazil
OQ278336,Brazil
OQ278337,Brazil
OQ278338,Brazil
OQ278339,Brazil
OQ278340,Brazil
OQ278341,Brazil
OQ278342,Brazil
OQ278343,Brazil
OQ278344,Canada
OQ278345,Canada
OQ278346,Canada
OQ278347,Canada
OQ278348,Canada
OQ278349,Canada
OQ278350,Canada
OQ278351,Canada
OQ278352,Canada
OQ278353,Canada
OQ278354,Canada
OQ278355,Canada
OQ278356,Canada
OQ278357,Canada
OQ278358,Canada
OQ278359,Canada
OQ278360,Canada
OQ278361,Canada
OQ278362,Canada
OQ278363,Canada
OQ278364,Canada
OQ278365,Canada
OQ278366,Canada
OQ278367,Canada
OQ278368,Canada
OQ278369,Canada
OQ278370,Canada
OQ278371,Canada
OQ278372,Canada
OQ278373,Canada
OQ278374,Canada
OQ278375,Canada
OQ278376,Canada
OQ278377,Canada
OQ278378,Canada
OQ278379,Canada
OQ278380,Canada
OQ278381,Canada
OQ278382,Canada
OQ278383,Canada
OQ278384,Canada
OQ278385,Canada
OQ278386,Canada
OQ278387,Canada
OQ278388,Canada
OQ278389,Canada
OQ278390,Canada
OQ278391,Canada
OQ278392,Canada
OQ278393,Canada
OQ278394,Canada
OQ278395,Canada
OQ278396,Canada
OQ278397,Canada
OQ278398,Canada
OQ278399,Canada
OQ278400,Canada
OQ278401,Canada
OQ278402,Canada
OQ278403,Canada
OQ278404,Canada
OQ278405,Canada
OQ278406,Canada
OQ278407,Finland
OQ278408,Finland
OQ278409,Finland
OQ278410,Finland
OQ278411,Finland
OQ278412,Finland
OQ278413,Finland
OQ278414,Finland
OQ278415,Finland
OQ278416,Finland
OQ278417,Finland
OQ278418,Finland
OQ278419,Finland
OQ278420,Finland
OQ278421,Finland
OQ278422,France
OQ278423,France
OQ278424,France
OQ278425,France
OQ278426,Germany
OQ278427,Germany
OQ278428,Germany
OQ278429,Germany
OQ278430,Germany
OQ278431,Germany
OQ278432,Germany
OQ278433,Germany
OQ278434,Germany
OQ278435,Germany
OQ278436,Germany
OQ278437,Germany
OQ278438,Germany
OQ278439,Germany
OQ278440,Germany
OQ278441,Germany
OQ278442,Germany
OQ278443,Germany
OQ278444,Germany
OQ278445,Germany
OQ278446,Germany
OQ278447,Germany
OQ278448,Germany
OQ278449,Germany
OQ278450,Germany
OQ278451,Germany
OQ278452,Germany
OQ278453,Germany
OQ278454,Germany
OQ278455,Netherlands
OQ278456,Netherlands
OQ278457,Netherlands
OQ278458,Netherlands
OQ278459,Netherlands
OQ278460,Netherlands
OQ278461,Netherlands
OQ278462,Netherlands
OQ278463,Netherlands
OQ278464,Netherlands
OQ278465,Netherlands
OQ278466,Netherlands
OQ278467,Netherlands
OQ278468,Netherlands
OQ278469,Netherlands
OQ278470,Netherlands
OQ278471,Netherlands
OQ278472,Netherlands
OQ278473,Netherlands
OQ278474,Netherlands
OQ278475,Netherlands
OQ278476,Netherlands
OQ278477,Netherlands
OQ278478,Netherlands
OQ278479,Netherlands
OQ278480,Netherlands
OQ278481,Netherlands
OQ278482,Netherlands
OQ278483,Netherlands
OQ278484,Netherlands
OQ278485,Netherlands
OQ278486,South Africa
OQ278487,South Africa
OQ278488,South Africa
OQ278489,South Africa
OQ278490,South Africa
OQ278491,South Africa
OQ278492,South Africa
OQ278493,South Africa
OQ278494,South Africa
OQ278495,South Africa
OQ278496,South Africa
OQ278497,South Africa
OQ278498,South Africa
OQ278499,South Africa
OQ278500,South Africa
OQ278501,South Africa
OQ278502,South Africa
OQ278503,South Africa
OQ278504,South Africa
OQ278505,South Africa
OQ278506,South Africa
OQ278507,South Africa
OQ278508,South Africa
OQ278509,South Africa
OQ278510,South Africa
OQ278511,South Africa
OQ278512,South Africa
OQ278513,South Africa
OQ278514,South Africa
OQ278515,South Africa
OQ278516,South Africa
OQ278517,South Africa
OQ278518,South Africa
OQ278519,South Africa
OQ278520,Spain
OQ278521,Spain
OQ278522,Spain
OQ278523,Spain
OQ278524,Spain
OQ278525,Spain
OQ278526,Spain
OQ278527,Spain
OQ278528,Spain
OQ278529,Spain
OQ278530,Spain
OQ278531,Spain
OQ278532,Spain
OQ278533,Spain
OQ278534,Spain
OQ278535,Spain
OQ278536,Spain
OQ278537,Spain
OQ278538,Spain
OQ278539,Spain
OQ278540,Spain
OQ278541,Spain
OQ278542,Spain
OQ278543,Spain
OQ278544,Spain
OQ278545,United Kingdom
OQ278546,United Kingdom
OQ278547,United Kingdom
OQ278548,United Kingdom
OQ278549,United Kingdom
OQ278550,United Kingdom
OQ278551,United Kingdom
OQ278552,United Kingdom
OQ278553,United Kingdom
OQ278554,United Kingdom
OQ278555,United Kingdom
OQ278556,United Kingdom
OQ278557,United Kingdom
OQ278558,United Kingdom
OQ278559,Canada
OQ278560,Canada
OQ278561,Canada
OQ278562,Canada
OQ278563,Canada
OQ278564,Canada
OQ278565,Canada
OQ278566,Canada
OQ278567,Finland
OQ278568,Finland
OQ278569,Finland
OQ278570,Finland
OQ278571,Finland
OQ278572,Finland
OQ278573,Finland
OQ278574,Finland
OQ278575,Finland
OQ278576,Finland
OQ278577,Finland
OQ278578,Finland
OQ278579,Finland
OQ278580,Finland
OQ278581,Finland
OQ278582,Finland
OQ278583,Finland
OQ278584,Finland
OQ278585,France
OQ278586,France
OQ278587,France
OQ278588,France
OQ278589,France
OQ278590,France
OQ278591,France
OQ278592,France
OQ278593,France
OQ278594,France
OQ278595,France
OQ278596,France
OQ278597,Germany
OQ278598,Germany
OQ278599,Italy
OQ278600,Italy
OQ278601,Japan
OQ278602,Japan
OQ278603,Japan
OQ278604,Japan
OQ278605,Japan
OQ278606,Japan
OQ278607,Japan
OQ278608,Japan
OQ278609,Japan
OQ278610,Japan
OQ278611,Japan
OQ278612,Japan
OQ278613,Japan
OQ278614,Japan
OQ278615,Japan
OQ278616,Japan
OQ278617,Mexico
OQ278618,Mexico
OQ278619,Mexico
OQ278620,Mexico
OQ278621,Mexico
OQ278622,Mexico
OQ278623,Mexico
OQ278624,Mexico
OQ278625,Mexico
OQ278626,Netherlands
OQ278627,Netherlands
OQ278628,Netherlands
OQ278629,Netherlands
OQ278630,Netherlands
OQ278631,Netherlands
OQ278632,Netherlands
OQ278633,Netherlands
OQ278634,Netherlands
OQ278635,Netherlands
OQ278636,Netherlands
OQ278637,Netherlands
OQ278638,Netherlands
OQ278639,Netherlands
OQ278640,Netherlands
OQ278641,Netherlands
OQ278642,Russia
OQ278643,Russia
OQ278644,Russia
OQ278645,Russia
OQ278646,Russia
OQ278647,Russia
OQ278648,Russia
OQ278649,Russia
OQ278650,Russia
OQ278651,Russia
OQ278652,Russia
OQ278653,Russia
OQ278654,Russia
OQ278655,Russia
OQ278656,Russia
OQ278657,Russia
OQ278658,Russia
OQ278659,Russia
OQ278660,Russia
OQ278661,Russia
OQ278662,Russia
OQ278663,South Africa
OQ278664,South Africa
OQ278665,South Africa
OQ278666,South Korea
OQ278667,South Korea
OQ278668,South Korea
OQ278669,South Korea
OQ278670,South Korea
OQ278671,South Korea
OQ278672,South Korea
OQ278673,South Korea
OQ278674,South Korea
OQ278675,South Korea
OQ278676,South Korea
OQ278677,South Korea
OQ278678,South Korea
OQ278679,South Korea
OQ278680,South Korea
OQ278681,South Korea
OQ278682,South Korea
OQ278683,South Korea
OQ278684,South Korea
OQ278685,Spain
OQ278686,Spain
OQ278687,Spain
OQ278688,Spain
OQ278689,Spain
OQ278690,Spain
OQ278691,Spain
OQ278692,Spain
OQ278693,Spain
OQ278694,Spain
OQ278695,Spain
OQ278696,Spain
OQ278697,Spain
OQ278698,Spain
OQ278699,Taiwan
OQ278700,Taiwan
OQ278701,Taiwan
OQ278702,Taiwan
OQ278703,Taiwan
OQ278704,Taiwan
OQ278705,United Kingdom
OQ278706,United Kingdom
OQ278707,United Kingdom
OQ278708,Canada
OQ278709,Canada
OQ278710,Canada
OQ278711,France
OQ278712,France
OQ278713,France
OQ278714,France
OQ278715,France
OQ278716,France
OQ278717,France
OQ278718,France
OQ278719,France
OQ278720,France
OQ278721,France
OQ278722,France
OQ278723,France
OQ278724,France
OQ278725,France
OQ278726,Netherlands
OQ278727,Netherlands
OQ278728,Netherlands
OQ278729,South Africa
OQ278730,South Africa
OQ278731,South Africa
OQ278732,South Africa
OQ278733,South Africa
OQ278734,South Africa
OQ278735,South Africa
OQ278736,South Africa
OQ278737,South Africa
OQ278738,South Africa
OQ278739,South Africa
OQ278740,South Africa
OQ278741,South Africa
OQ278742,South Africa
OQ278743,South Africa
OQ278744,South Africa
OQ278745,South Africa
OQ278746,South Africa
OQ278747,South Africa
OQ278748,South Africa
OQ278749,South Africa
OQ278750,South Africa
OQ278751,South Africa
OQ278752,South Africa
OQ278753,South Africa
OQ278754,South Africa
OQ278755,South Africa
OQ278756,South Africa
OQ278757,South Africa
OQ278758,South Africa
OQ278759,South Africa
OQ278760,South Africa
OQ278761,South Africa
OQ278762,South Africa
OQ278763,South Africa
OQ278764,South Africa
OQ278765,South Africa
OQ278766,South Africa
OQ278767,South Africa
OQ278768,South Africa
OQ278769,South Africa
OQ278770,South Africa
OQ278771,South Africa
OQ278772,South Africa
OQ278773,USA
OQ278774,USA
OQ278775,USA
OQ278776,USA
OQ278777,USA
OQ278778,USA
OQ278779,USA
OQ278780,USA
OQ278781,USA
OQ278782,USA
OQ278783,USA
OQ278784,USA
OQ278785,USA
OQ278786,USA
OQ278787,USA
OQ278788,USA
OQ278789,USA
OQ278790,USA
OQ278791,USA
OQ278792,USA
OQ278793,USA
OQ278794,USA
OQ278795,USA
OQ278796,USA
OQ278797,USA
OQ278798,USA
OQ278799,USA
OQ278800,USA
OQ278801,USA
OQ278802,USA
OQ278803,USA
OQ278804,USA
OQ278805,USA
OQ278806,USA
OQ278807,USA
OQ278808,USA
OQ278809,USA
OQ278810,USA
OQ278811,USA
OQ278812,USA
OQ278813,USA
OQ278814,USA
OQ278815,USA
OQ278816,USA
OQ278817,USA
OQ278818,USA
OQ278819,USA
OQ278820,USA
OQ278821,USA
OQ278822,USA
OQ278823,USA
OQ278824,USA
OQ278825,USA
OQ278826,USA
OQ278827,USA
OQ278828,USA
OQ278829,USA
OQ278830,USA
OQ278831,USA
OQ278832,USA
OQ278833,USA
OQ278834,USA
OQ278835,USA
OQ278836,USA
OQ278837,USA
OQ278838,USA
OQ278839,USA
OQ278840,USA
OQ278841,USA
OQ278842,USA
OQ278843,USA
OQ278844,USA
OQ278845,USA
OQ278846,USA
OQ278847,USA
OQ278848,USA
OQ278849,USA
OQ278850,USA
OQ278851,USA
OQ278852,USA
OQ278853,USA
OQ278854,USA
OQ278855,USA
OQ278856,USA
OQ278857,USA
OQ278858,USA
OQ278859,USA
OQ278860,USA
OQ278861,USA
OQ278862,USA
OQ278863,USA
OQ278864,USA
OQ278865,USA
OQ278866,USA
OQ278867,USA
OQ278868,USA
OQ278869,USA
OQ278870,USA
OQ278871,USA
OQ278872,USA
OQ278873,USA
OQ278874,USA
OQ278875,USA
OQ278876,USA
OQ278877,USA
OQ278878,USA
OQ278879,USA
OQ278880,USA
OQ278881,USA
OQ278882,USA
OQ278883,USA
OQ278884,USA
OQ278885,USA
OQ278886,USA
OQ278887,USA
OQ278888,USA
OQ278889,USA
OQ278890,USA
OQ278891,USA
OQ278892,USA
OQ278893,USA
OQ278894,USA
OQ278895,USA
OQ278896,USA
OQ278897,USA
OQ278898,USA
OQ278899,USA
OQ278900,USA
OQ278901,USA
OQ278902,USA
OQ278903,USA
OQ278904,USA
OQ278905,USA
OQ278906,USA
OQ278907,USA
OQ278908,USA
OQ278909,USA
OQ278910,USA
OQ278911,USA
OQ278912,USA
OQ278913,USA
OQ278914,USA
OQ278915,USA
OQ278916,USA
OQ278917,USA
OQ278918,USA
OQ278919,USA
OQ278920,USA
OQ278921,USA
OQ278922,USA
OQ278923,USA
OQ278924,USA
OQ278925,USA
OQ278926,USA
OQ278927,USA
OQ278928,USA
OQ278929,USA
OQ278930,USA
OQ278931,USA
OQ278932,USA
OQ278933,USA
OQ278934,USA
OQ278935,USA
OQ278936,USA
OQ278937,USA
OQ278938,USA
OQ278939,USA
OQ278940,USA
OQ278941,USA
OQ278942,USA
OQ278943,USA
OQ278944,USA
OQ278945,USA
OQ278946,USA
OQ278947,USA
OQ278948,USA
OQ278949,USA
OQ278950,USA
OQ278951,USA
OQ278952,USA
OQ278953,USA
OQ278954,USA
OQ278955,USA
OQ278956,USA
OQ278957,USA
OQ278958,USA
OQ278959,USA
OQ278960,USA
OQ278961,USA
OQ278962,USA
OQ278963,USA
OQ278964,USA
OQ278965,USA
OQ278966,USA
OQ278967,USA
OQ278968,USA
OQ278969,USA
OQ278970,USA
OQ278971,USA
OQ278972,USA
OQ278973,USA
OQ278974,USA
OQ278975,USA
OQ278976,USA
OQ278977,USA
OQ278978,USA
OQ278979,USA
OQ278980,USA
OQ278981,USA
OQ278982,USA
OQ278983,USA
OQ278984,USA
OQ278985,USA
OQ278986,USA
OQ278987,USA
OQ278988,USA
OQ278989,USA
OQ278990,USA
OQ278991,USA
OQ278992,USA
OQ278993,USA
OQ278994,USA
OQ278995,USA
OQ278996,USA
OQ278997,USA
OQ278998,USA
OQ278999,USA
OQ279000,USA
OQ279001,USA
OQ279002,USA
OQ279003,USA
OQ279004,USA
OQ279005,USA
OQ279006,USA
OQ279007,USA
OQ279008,USA
OQ279009,USA
OQ279010,USA
OQ279011,USA
OQ279012,USA
OQ279013,USA
OQ279014,USA
OQ279015,USA
OQ279016,USA
OQ279017,USA
OQ279018,USA
OQ279019,USA
OQ279020,USA
OQ279021,USA
OQ279022,USA
OQ279023,USA
OQ279024,USA
OQ279025,USA
OQ279026,USA
OQ279027,USA
OQ279028,USA
OQ279029,USA
OQ279030,USA
OQ279031,USA
OQ279032,USA
OQ279033,USA
OQ279034,USA
OQ279035,USA
OQ279036,USA
OQ279037,USA
OQ279038,USA
OQ279039,USA
OQ279040,USA
OQ279041,USA
OQ279042,USA
OQ279043,USA
OQ279044,USA
OQ279045,USA
OQ279046,USA
OQ279047,USA
OQ279048,USA
OQ279049,USA
OQ279050,USA
OQ279051,USA
OQ279052,USA
OQ279053,USA
OQ279054,USA
OQ279055,USA
OQ279056,USA
OQ279057,USA
OQ279058,USA
OQ279059,USA
OQ279060,USA
OQ279061,USA
OQ279062,USA
OQ279063,USA
OQ279064,USA
OQ279065,USA
OQ279066,USA
OQ279067,USA
OQ279068,USA
OQ279069,USA
OQ279070,USA
OQ279071,USA
OQ279072,USA
OQ279073,USA
OQ279074,USA
OQ279075,USA
OQ279076,USA
OQ279077,USA
OQ279078,USA
OQ279079,USA
OQ279080,USA
OQ279081,USA
OQ279082,USA
OQ279083,USA
OQ279084,USA
OQ279085,USA
OQ279086,USA
OQ279087,USA
OQ279088,USA
OQ279089,USA
OQ279090,USA
OQ279091,USA
OQ279092,USA
OQ279093,USA
OQ279094,USA
OQ279095,USA
OQ279096,USA
OQ279097,USA
OQ279098,USA
OQ279099,USA
OQ279100,USA
OQ279101,USA
OQ279102,USA
OQ279103,USA
OQ279104,USA
OQ279105,USA
OQ279106,USA
OQ279107,USA
OQ279108,USA
OQ279109,USA
OQ279110,USA
OQ279111,USA
OQ279112,USA
OQ279113,USA
OQ279114,USA
OQ279115,USA
OQ279116,USA
OQ279117,USA
OQ279118,USA
OQ279119,USA
OQ279120,USA
OQ279121,USA
OQ279122,USA
OQ279123,USA
OQ279124,USA
OQ279125,USA
OQ279126,USA
OQ279127,USA
OQ279128,USA
OQ279129,USA
OQ279130,USA
OQ279131,USA
OQ279132,USA
OQ279133,USA
OQ279134,USA
OQ279135,USA
OQ279136,USA
OQ279137,USA
OQ279138,USA
OQ279139,USA
OQ279140,USA
OQ279141,USA
OQ279142,USA
OQ279143,USA
OQ279144,USA
OQ279145,USA
OQ279146,USA
OQ279147,USA
OQ279148,USA
OQ279149,USA
OQ279150,USA
OQ279151,USA
OQ279152,USA
OQ279153,USA
OQ279154,USA
OQ279155,USA
OQ279156,USA
OQ279157,USA
OQ279158,USA
OQ279159,USA
OQ279160,USA
OQ279161,USA
OQ279162,USA
OQ279163,USA
OQ279164,USA
OQ279165,USA
OQ279166,USA
OQ279167,USA
OQ279168,USA
OQ279169,USA
OQ279170,USA
OQ279171,USA
OQ279172,USA
OQ279173,USA
OQ279174,USA
OQ279175,USA
OQ279176,USA
OQ279177,USA
OQ279178,USA
OQ279179,USA
OQ279180,USA
OQ279181,USA
OQ279182,USA
OQ279183,USA
OQ279184,USA
OQ279185,USA
OQ279186,USA
OQ279187,USA
OQ279188,USA
OQ279189,USA
OQ279190,USA
OQ279191,USA
OQ279192,USA
OQ279193,USA
OQ279194,USA
OQ279195,USA
OQ279196,USA
OQ279197,USA
OQ279198,USA
OQ279199,USA
OQ279200,USA
OQ279201,USA
OQ279202,USA
OQ279203,USA
OQ279204,USA
OQ279205,USA
OQ279206,USA
OQ279207,USA
OQ279208,USA
OQ279209,USA
OQ279210,USA
OQ279211,USA
OQ279212,USA
OQ279213,USA
OQ279214,USA
OQ279215,USA
OQ279216,USA
OQ279217,USA
OQ279218,USA
OQ279219,USA
OQ279220,USA
OQ279221,USA
OQ279222,USA
OQ279223,USA
OQ279224,USA
OQ279225,USA
OQ279226,USA
OQ279227,USA
OQ279228,USA
OQ279229,USA
OQ279230,USA
OQ279231,USA
OQ279232,USA
OQ279233,USA
OQ279234,USA
OQ279235,USA
OQ279236,USA
OQ279237,USA
OQ279238,USA
OQ279239,USA
OQ279240,USA
OQ279241,USA
OQ279242,USA
OQ279243,USA
OQ279244,USA
OQ279245,USA
OQ279246,USA
OQ279247,USA
OQ279248,USA
OQ279249,USA
OQ279250,USA
OQ279251,USA
OQ279252,USA
OQ279253,USA
OQ279254,USA
OQ279255,USA
OQ279256,USA
OQ279257,USA
OQ279258,USA
OQ279259,USA
OQ279260,USA
OQ279261,USA
OQ279262,USA
OQ279263,USA
OQ279264,USA
OQ279265,USA
OQ279266,USA
OQ279267,USA
OQ279268,USA
OQ279269,USA
OQ279270,USA
OQ279271,USA
OQ279272,USA
OQ279273,USA
OQ279274,USA
OQ279275,USA
OQ279276,USA
OQ279277,USA
OQ279278,USA
OQ279279,USA
OQ279280,USA
OQ279281,USA
OQ279282,USA
OQ279283,USA
OQ279284,USA
OQ279285,USA
OQ279286,USA
OQ279287,USA
OQ279288,USA
OQ279289,USA
OQ279290,USA
OQ279291,USA
OQ279292,USA
OQ279293,USA
OQ279294,USA
OQ279295,USA
OQ279296,USA
OQ279297,USA
OQ279298,USA
OQ279299,USA
OQ279300,USA
OQ279301,USA
OQ279302,USA
OQ279303,USA
OQ279304,USA
OQ279305,USA
OQ279306,USA
OQ279307,USA
OQ279308,USA
OQ279309,USA
OQ279310,USA
OQ279311,USA
OQ279312,USA
OQ279313,USA
OQ279314,USA
OQ279315,USA
OQ279316,USA
OQ279317,USA
OQ279318,USA
OQ279319,USA
OQ279320,USA
OQ279321,USA
OQ279322,USA
OQ279323,USA
OQ279324,USA
OQ279325,USA
OQ279326,USA
OQ279327,USA
OQ279328,USA
OQ279329,USA
OQ279330,USA
OQ279331,USA
OQ279332,USA
OQ279333,USA
OQ279334,USA
OQ279335,USA
OQ279336,USA
OQ279337,USA
OQ279338,USA
OQ279339,USA
OQ279340,USA
OQ279341,USA
OQ279342,USA
OQ279343,USA
OQ279344,USA
OQ279345,USA
OQ279346,USA
OQ279347,USA
OQ279348,USA
OQ279349,USA
OQ279350,USA
OQ279351,USA
OQ279352,USA
OQ279353,USA
OQ279354,USA
OQ279355,USA
OQ279356,USA
OQ279357,USA
OQ279358,USA
OQ279359,USA
OQ279360,USA
OQ279361,USA
OQ279362,USA
OQ279363,USA
OQ279364,USA
OQ279365,USA
OQ279366,USA
OQ279367,USA
OQ279368,USA
OQ279369,USA
OQ279370,USA
OQ279371,USA
OQ279372,USA
OQ279373,USA
OQ279374,USA
OQ279375,USA
OQ279376,USA
OQ279377,USA
OQ279378,USA
OQ279379,USA
OQ279380,USA
OQ279381,USA
OQ279382,USA
OQ279383,USA
OQ279384,USA
OQ279385,USA
OQ279386,USA
OQ279387,USA
OQ279388,USA
OQ279389,USA
OQ279390,USA
OQ279391,USA
OQ279392,USA
OQ279393,USA
OQ279394,USA
OQ279395,USA
OQ279396,USA
OQ279397,USA
OQ279398,USA
OQ279399,USA
OQ279400,USA
OQ279401,USA
OQ279402,USA
OQ279403,USA
OQ279404,USA
OQ279405,USA
OQ279406,USA
OQ279407,USA
OQ279408,USA
OQ279409,USA
OQ279410,USA
OQ279411,USA
OQ279412,USA
OQ279413,USA
OQ279414,USA
OQ279415,USA
OQ279416,USA
OQ279417,USA
OQ279418,USA
OQ279419,USA
OQ279420,USA
OQ279421,USA
OQ279422,USA
OQ279423,USA
OQ279424,USA
OQ279425,USA
OQ279426,USA
OQ279427,USA
OQ279428,USA
OQ279429,USA
OQ279430,USA
OQ279431,USA
OQ279432,USA
OQ279433,USA
OQ279434,USA
OQ279435,USA
OQ279436,USA
OQ279437,USA
OQ279438,USA
OQ279439,USA
OQ279440,USA
OQ279441,USA
OQ279442,USA
OQ279443,USA
OQ279444,USA
OQ279445,USA
OQ279446,USA
OQ279447,USA
OQ279448,USA
OQ279449,USA
OQ279450,USA
OQ279451,USA
OQ279452,USA
OQ279453,USA
OQ279454,USA
OQ279455,USA
OQ279456,USA
OQ279457,USA
OQ279458,USA
OQ279459,USA
OQ279460,USA
OQ279461,USA
OQ279462,USA
OQ279463,USA
OQ279464,USA
OQ279465,USA
OQ279466,USA
OQ279467,USA
OQ279468,USA
OQ279469,USA
OQ279470,USA
OQ279471,USA
OQ279472,USA
OQ279473,USA
OQ279474,USA
OQ279475,USA
OQ279476,USA
OQ279477,USA
OQ279478,USA
OQ279479,USA
OQ279480,USA
OQ279481,USA
OQ279482,USA
OQ279483,USA
OQ279484,USA
OQ279485,USA
OQ279486,USA
OQ279487,USA
OQ279488,USA
OQ279489,USA
OQ279490,USA
OQ279491,USA
OQ279492,USA
OQ279493,USA
OQ279494,USA
OQ279495,USA
OQ279496,USA
OQ279497,USA
OQ279498,USA
OQ279499,USA
OQ279500,USA
OQ279501,USA
OQ279502,USA
OQ279503,USA
OQ279504,USA
OQ279505,USA
OQ279506,USA
OQ279507,USA
OQ279508,USA
OQ279509,USA
OQ279510,USA
OQ279511,USA
OQ279512,USA
OQ279513,USA
OQ279514,USA
OQ279515,USA
OQ279516,USA
OQ279517,USA
OQ279518,USA
OQ279519,USA
OQ279520,USA
OQ279521,USA
OQ279522,USA
OQ279523,USA
OQ279524,USA
OQ279525,USA
OQ279526,USA
OQ279527,USA
OQ279528,USA
OQ279529,USA
OQ279530,USA
OQ279531,USA
OQ279532,USA
OQ279533,USA
OQ279534,USA
OQ279535,USA
OQ279536,USA
OQ279537,USA
OQ279538,USA
OQ279539,USA
OQ279540,USA
OQ279541,USA
OQ279542,USA
OQ279543,USA
OQ279544,USA
OQ279545,USA
OQ279546,USA
OQ279547,USA
OQ279548,USA
OQ279549,USA
OQ279550,USA
OQ279551,USA
OQ279552,USA
OQ279553,USA
OQ279554,USA
OQ279555,USA
OQ279556,USA
OQ279557,USA
OQ279558,USA
OQ279559,USA
OQ279560,USA
OQ279561,USA
OQ279562,USA
OQ279563,USA
OQ279564,USA
OQ279565,USA
OQ279566,USA
OQ279567,USA
OQ279568,USA
OQ279569,USA
OQ279570,USA
OQ279571,USA
OQ279572,USA
OQ279573,USA
OQ279574,USA
OQ279575,USA
OQ279576,USA
OQ279577,USA
OQ279578,USA
OQ279579,USA
OQ279580,USA
OQ279581,USA
OQ279582,USA
OQ279583,USA
OQ279584,USA
OQ279585,USA
OQ279586,USA
OQ279587,USA
OQ279588,USA
OQ279589,USA
OQ279590,USA
OQ279591,USA
OQ279592,USA
OQ279593,USA
OQ279594,USA
OQ279595,USA
OQ279596,USA
OQ279597,USA
OQ279598,USA
OQ279599,USA
OQ279600,USA
OQ279601,USA
OQ279602,USA
OQ279603,USA
OQ279604,USA
OQ279605,USA
OQ279606,USA
OQ279607,USA
OQ279608,USA
OQ279609,USA
OQ279610,USA
OQ279611,USA
OQ279612,USA
OQ279613,USA
OQ279614,USA
OQ279615,USA
OQ279616,USA
OQ279617,USA
OQ279618,USA
OQ279619,USA
OQ279620,USA
OQ279621,USA
OQ279622,USA
OQ279623,USA
OQ279624,USA
OQ279625,USA
OQ279626,USA
OQ279627,USA
OQ279628,USA
OQ279629,USA
OQ279630,USA
OQ279631,USA
OQ279632,USA
OQ279633,USA
OQ279634,USA
OQ279635,USA
OQ279636,USA
OQ279637,USA
OQ279638,USA
OQ279639,USA
OQ279640,USA
OQ279641,USA
OQ279642,USA
OQ279643,USA
OQ279644,USA
OQ279645,USA
OQ279646,USA
OQ279647,USA
OQ279648,USA
OQ279649,USA
OQ279650,USA
OQ279651,USA
OQ279652,USA
OQ279653,USA
OQ279654,USA
OQ279655,USA
OQ279656,USA
OQ279657,USA
OQ279658,USA
OQ279659,USA
OQ279660,USA
OQ279661,USA
OQ279662,USA
OQ279663,USA
OQ279664,USA
OQ279665,USA
OQ279666,USA
OQ279667,USA
OQ279668,USA
OQ279669,USA
OQ279670,USA
OQ279671,USA
OQ279672,USA
OQ279673,USA
OQ279674,USA
OQ279675,USA
OQ279676,USA
OQ279677,USA
OQ279678,USA
OQ279679,USA
OQ279680,USA
OQ279681,USA
OQ279682,USA
OQ279683,USA
OQ279684,USA
OQ279685,USA
OQ279686,USA
OQ279687,USA
OQ279688,USA
OQ279689,USA
OQ279690,USA
OQ279691,USA
OQ279692,USA
OQ279693,USA
OQ279694,USA
OQ279695,USA
OQ279696,USA
OQ279697,USA
OQ279698,USA
OQ279699,USA
OQ279700,USA
OQ279701,USA
OQ279702,USA
OQ279703,USA
OQ279704,USA
OQ279705,USA
OQ279706,USA
OQ279707,USA
OQ279708,USA
OQ279709,USA
OQ279710,USA
OQ279711,USA
OQ279712,USA
OQ279713,USA
OQ279714,USA
OQ279715,USA
OQ279716,USA
OQ279717,USA
OQ279718,USA
OQ279719,USA
OQ279720,USA
OQ279721,USA
OQ279722,USA
OQ279723,USA
OQ279724,USA
OQ279725,USA
OQ279726,USA
OQ279727,USA
OQ279728,USA
OQ279729,USA
OQ279730,USA
OQ279731,USA
OQ279732,USA
OQ279733,USA
OQ279734,USA
OQ279735,USA
OQ279736,USA
OQ279737,USA
OQ279738,USA
OQ279739,USA
OQ279740,USA
OQ279741,USA
OQ279742,USA
OQ279743,USA
OQ279744,USA
OQ279745,USA
OQ279746,USA
OQ279747,USA
OQ279748,USA
OQ279749,USA
OQ279750,USA
OQ279751,USA
OQ279752,USA
OQ279753,USA
OQ279754,USA
OQ279755,USA
OQ279756,USA
OQ279757,USA
OQ279758,USA
OQ279759,USA
OQ279760,USA
OQ279761,USA
OQ279762,USA
OQ279763,USA
OQ279764,USA
OQ279765,USA
OQ279766,USA
OQ279767,USA
OQ279768,USA
OQ279769,USA
OQ279770,USA
OQ279771,USA
OQ279772,USA
OQ279773,USA
OQ279774,USA
OQ279775,USA
OQ279776,USA
OQ279777,USA
OQ279778,USA
OQ279779,USA
OQ279780,USA
OQ279781,USA
OQ279782,USA
OQ279783,USA
OQ279784,USA
OQ279785,USA
OQ279786,USA
OQ279787,USA
OQ279788,USA
OQ279789,USA
OQ279790,USA
OQ279791,USA
OQ279792,USA
OQ279793,USA
OQ279794,USA
OQ279795,USA
OQ279796,USA
OQ279797,USA
OQ279798,USA
OQ279799,USA
OQ279800,USA
OQ279801,USA
OQ279802,USA
OQ279803,USA
OQ279804,USA
OQ279805,USA
OQ279806,USA
OQ279807,USA
OQ279808,USA
OQ279809,USA
OQ279810,USA
OQ279811,USA
OQ279812,USA
OQ279813,USA
OQ279814,USA
OQ279815,USA
OQ279816,USA
OQ279817,USA
OQ279818,USA
OQ279819,USA
OQ279820,USA
OQ279821,USA
OQ279822,USA
OQ279823,USA
OQ279824,USA
OQ279825,USA
OQ279826,USA
OQ279827,USA
OQ279828,USA
OQ279829,USA
OQ279830,USA
OQ279831,USA
OQ279832,USA
OQ279833,USA
OQ279834,USA
OQ279835,USA
OQ279836,USA
OQ279837,USA
OQ279838,USA
OQ279839,USA
OQ279840,USA
OQ279841,USA
OQ279842,USA
OQ279843,USA
OQ279844,USA
OQ279845,USA
OQ279846,USA
OQ279847,USA
OQ279848,USA
OQ279849,USA
OQ279850,USA
OQ279851,USA
OQ279852,USA
OQ279853,USA
OQ279854,USA
OQ279855,USA
OQ279856,USA
OQ279857,USA
OQ279858,USA
OQ279859,USA
OQ279860,USA
OQ279861,USA
OQ279862,USA
OQ279863,USA
OQ279864,USA
OQ279865,USA
OQ279866,USA
OQ279867,USA
OQ279868,USA
OQ279869,USA
OQ279870,USA
OQ279871,USA
OQ279872,USA
OQ279873,USA
OQ279874,USA
OQ279875,USA
OQ279876,USA
OQ279877,USA
OQ279878,USA
OQ279879,USA
OQ279880,USA
OQ279881,USA
OQ279882,USA
OQ279883,USA
OQ279884,USA
OQ279885,USA
OQ279886,USA
OQ279887,USA
OQ279888,USA
OQ279889,USA
OQ279890,USA
OQ279891,USA
OQ279892,USA
OQ279893,USA
OQ279894,USA
OQ279895,USA
OQ279896,USA
OQ279897,USA
OQ279898,USA
OQ279899,USA
OQ279900,USA
OQ279901,USA
OQ279902,USA
OQ279903,USA
OQ279904,USA
OQ279905,USA
OQ279906,USA
OQ279907,USA
OQ279908,USA
OQ279909,USA
OQ279910,USA
OQ279911,USA
OQ279912,USA
OQ279913,USA
OQ279914,USA
OQ279915,USA
OQ279916,USA
OQ279917,USA
OQ279918,USA
OQ279919,USA
OQ279920,USA
OQ279921,USA
OQ279922,USA
OQ279923,USA
OQ279924,USA
OQ279925,USA
OQ279926,USA
OQ279927,USA
OQ279928,USA
OQ279929,USA
OQ279930,USA
OQ279931,USA
OQ279932,USA
OQ279933,USA
OQ279934,USA
OQ279935,USA
OQ279936,USA
OQ279937,USA
OQ279938,USA
OQ279939,USA
OQ279940,USA
OQ279941,USA
OQ279942,USA
OQ279943,USA
OQ279944,USA
OQ279945,USA
OQ279946,USA
OQ279947,USA
OQ279948,USA
OQ279949,USA
OQ279950,USA
OQ279951,USA
OQ279952,USA
OQ279953,USA
OQ279954,USA
OQ279955,USA
OQ279956,USA
OQ279957,USA
OQ279958,USA
OQ279959,USA
OQ279960,USA
OQ279961,USA
OQ279962,USA
OQ279963,USA
OQ279964,USA
OQ279965,USA
OQ279966,USA
OQ279967,USA
OQ279968,USA
OQ279969,USA
OQ279970,USA
OQ279971,USA
OQ279972,USA
OQ279973,USA
OQ279974,USA
OQ279975,USA
OQ279976,USA
OQ279977,USA
OQ279978,USA
OQ279979,USA
OQ279980,USA
OQ279981,USA
OQ279982,USA
OQ279983,USA
OQ279984,USA
OQ279985,USA
OQ279986,USA
OQ279987,USA
OQ279988,USA
OQ279989,USA
OQ279990,USA
OQ279991,USA
OQ279992,USA
OQ279993,USA
OQ279994,USA
OQ279995,USA
OQ279996,USA
OQ279997,USA
OQ279998,USA
OQ279999,USA
OQ280000,USA
OQ280001,USA
OQ280002,USA
OQ280003,USA
OQ280004,USA
OQ280005,USA
OQ280006,USA
OQ280007,USA
OQ280008,USA
OQ280009,USA
OQ280010,USA
OQ280011,USA
OQ280012,USA
OQ280013,USA
OQ280014,USA
OQ280015,USA
OQ280016,USA
OQ280017,USA
OQ280018,USA
OQ280019,USA
OQ280020,USA
OQ280021,USA
OQ280022,USA
OQ280023,USA
OQ280024,USA
OQ280025,USA
OQ280026,USA
OQ280027,USA
OQ280028,USA
OQ280029,USA
OQ280030,USA
OQ280031,USA
OQ280032,USA
OQ280033,USA
OQ280034,USA
OQ280035,USA
OQ280036,USA
OQ280037,USA
OQ280038,USA
OQ280039,USA
OQ280040,USA
OQ280041,USA
OQ280042,USA
OQ280043,USA
OQ280044,USA
OQ280045,USA
OQ280046,USA
OQ280047,USA
OQ280048,USA
OQ280049,USA
OQ280050,USA
OQ280051,USA
OQ280052,USA
OQ280053,USA
OQ280054,USA
OQ280055,USA
OQ280056,USA
OQ280057,USA
OQ280058,USA
OQ280059,USA
OQ280060,USA
OQ280061,USA
OQ280062,USA
OQ280063,USA
OQ280064,USA
OQ280065,USA
OQ280066,USA
OQ280067,USA
OQ280068,USA
OQ280069,USA
OQ280070,USA
OQ280071,USA
OQ280072,USA
OQ280073,USA
OQ280074,USA
OQ280075,USA
OQ280076,USA
OQ280077,USA
OQ280078,USA
OQ280079,USA
OQ280080,USA
OQ280081,USA
OQ280082,USA
OQ280083,USA
OQ280084,USA
OQ280085,USA
OQ280086,USA
OQ280087,USA
OQ280088,USA
OQ280089,USA
OQ280090,USA
OQ280091,USA
OQ280092,USA
OQ280093,USA
OQ280094,USA
OQ280095,USA
OQ280096,USA
OQ280097,USA
OQ280098,USA
OQ280099,USA
OQ280100,USA
OQ280101,USA
OQ280102,USA
OQ280103,USA
OQ280104,USA
OQ280105,USA
OQ280106,USA
OQ280107,USA
OQ280108,USA
OQ280109,USA
OQ280110,USA
OQ280111,USA
OQ280112,USA
OQ280113,USA
OQ280114,USA
OQ280115,USA
OQ280116,USA
OQ280117,USA
OQ280118,USA
OQ280119,USA
OQ280120,USA
OQ280121,USA
OQ280122,USA
OQ280123,USA
OQ280124,USA
OQ280125,USA
OQ280126,USA
OQ280127,USA
OQ280128,USA
OQ280129,USA
OQ280130,USA
OQ280131,USA
OQ280132,USA
OQ280133,USA
OQ280134,USA
OQ280135,USA
OQ280136,USA
OQ280137,USA
OQ280138,USA
OQ280139,USA
OQ280140,USA
OQ280141,USA
OQ280142,USA
OQ280143,USA
OQ280144,USA
OQ280145,USA
OQ280146,USA
OQ280147,USA
OQ280148,USA
OQ280149,USA
OQ280150,USA
OQ280151,USA
OQ280152,USA
OQ280153,USA
OQ280154,USA
OQ280155,USA
OQ280156,USA
OQ280157,USA
OQ280158,USA
OQ280159,USA
OQ280160,USA
OQ280161,USA
OQ280162,USA
OQ280163,USA
OQ280164,USA
OQ280165,USA
OQ280166,USA
OQ280167,USA
OQ280168,USA
OQ280169,USA
OQ280170,USA
OQ280171,USA
OQ280172,USA
OQ280173,USA
OQ280174,USA
OQ280175,USA
OQ280176,USA
OQ280177,USA
OQ280178,USA
OQ280179,USA
OQ280180,USA
OQ280181,USA
OQ280182,USA
OQ280183,USA
OQ280184,USA
OQ280185,USA
OQ280186,USA
OQ280187,USA
OQ280188,USA
OQ280189,USA
OQ280190,USA
OQ280191,USA
OQ280192,USA
OQ280193,USA
OQ280194,USA
OQ280195,USA
OQ280196,USA
OQ280197,USA
OQ280198,USA
OQ280199,USA
OQ280200,USA
OQ280201,USA
OQ280202,USA
OQ280203,USA
OQ280204,USA
OQ280205,USA
OQ280206,USA
OQ280207,USA
OQ280208,USA
OQ280209,USA
OQ280210,USA
OQ280211,USA
OQ280212,USA
OQ280213,USA
OQ280214,USA
OQ280215,USA
OQ280216,USA
OQ280217,USA
OQ280218,USA
OQ280219,USA
OQ280220,USA
OQ280221,USA
OQ280222,USA
OQ280223,USA
OQ280224,USA
OQ280225,USA
OQ280226,USA
OQ280227,USA
OQ280228,USA
OQ280229,USA
OQ280230,USA
OQ280231,USA
OQ280232,USA
OQ280233,USA
OQ280234,USA
OQ280235,USA
OQ280236,USA
OQ280237,USA
OQ280238,USA
OQ280239,USA
OQ280240,USA
OQ280241,USA
OQ280242,USA
OQ280243,USA
OQ280244,USA
OQ280245,USA
OQ280246,USA
OQ280247,USA
OQ280248,USA
OQ280249,USA
OQ280250,USA
OQ280251,USA
OQ280252,USA
OQ280253,USA
OQ280254,USA
OQ280255,USA
OQ280256,USA
OQ280257,USA
OQ280258,USA
OQ280259,USA
OQ280260,USA
OQ280261,USA
OQ280262,USA
OQ280263,USA
OQ280264,USA
OQ280265,USA
OQ280266,USA
OQ280267,USA
OQ280268,USA
OQ280269,USA
OQ280270,USA
OQ280271,USA
OQ280272,USA
OQ280273,USA
OQ280274,USA
OQ280275,USA
OQ280276,USA
OQ280277,USA
OQ280278,USA
OQ280279,USA
OQ280280,USA
OQ280281,USA
OQ280282,USA
OQ280283,USA
OQ280284,USA
OQ280285,USA
OQ280286,USA
OQ280287,USA
OQ280288,USA
OQ280289,USA
OQ280290,USA
OQ280291,USA
OQ280292,USA
OQ280293,USA
OQ280294,USA
OQ280295,USA
OQ280296,USA
OQ280297,USA
OQ280298,USA
OQ280299,USA
OQ280300,USA
OQ280301,USA
OQ280302,USA
OQ280303,USA
OQ280304,USA
OQ280305,USA
OQ280306,USA
OQ280307,USA
OQ280308,USA
OQ280309,USA
OQ280310,USA
OQ280311,USA
OQ280312,USA
OQ280313,USA
OQ280314,USA
OQ280315,USA
OQ280316,USA
OQ280317,USA
OQ280318,USA
OQ280319,USA
OQ280320,USA
OQ280321,USA
OQ280322,USA
OQ280323,USA
OQ280324,USA
OQ280325,USA
OQ280326,USA
OQ280327,USA
OQ280328,USA
OQ280329,USA
OQ280330,USA
OQ280331,USA
OQ280332,USA
OQ280333,USA
OQ280334,USA
OQ280335,USA
OQ280336,USA
OQ280337,USA
OQ280338,USA
OQ280339,USA
OQ280340,USA
OQ280341,USA
OQ280342,USA
OQ280343,USA
OQ280344,USA
OQ280345,USA
OQ280346,USA
OQ280347,USA
OQ280348,USA
OQ280349,USA
OQ280350,USA
OQ280351,USA
OQ280352,USA
OQ280353,USA
OQ280354,USA
OQ280355,USA
OQ280356,USA
OQ280357,USA
OQ280358,USA
OQ280359,USA
OQ280360,USA
OQ280361,USA
OQ280362,USA
OQ280363,USA
OQ280364,USA
OQ280365,USA
OQ280366,USA
OQ280367,USA
OQ280368,USA
OQ280369,USA
OQ280370,USA
OQ280371,USA
OQ280372,USA
OQ280373,USA
OQ280374,USA
OQ280375,USA
OQ280376,USA
OQ280377,USA
OQ280378,USA
OQ280379,USA
OQ280380,USA
OQ280381,USA
OQ280382,USA
OQ280383,USA
OQ280384,USA
OQ280385,USA
OQ280386,USA
OQ280387,USA
OQ280388,USA
OQ280389,USA
OQ280390,USA
OQ280391,USA
OQ280392,USA
OQ280393,USA
OQ280394,USA
OQ280395,USA
OQ280396,USA
OQ280397,USA
OQ280398,USA
OQ280399,USA
OQ280400,USA
OQ280401,USA
OQ280402,USA
OQ280403,USA
OQ280404,USA
OQ280405,USA
OQ280406,USA
OQ280407,USA
OQ280408,USA
OQ280409,USA
OQ280410,USA
OQ280411,USA
OQ280412,USA
OQ280413,USA
OQ280414,USA
OQ280415,USA
OQ280416,USA
OQ280417,USA
OQ280418,USA
OQ280419,USA
OQ280420,USA
OQ280421,USA
OQ280422,USA
OQ280423,USA
OQ280424,USA
OQ280425,USA
OQ280426,USA
OQ280427,USA
OQ280428,USA
OQ280429,USA
OQ280430,USA
OQ280431,USA
OQ280432,USA
OQ280433,USA
OQ280434,USA
OQ280435,USA
OQ280436,USA
OQ280437,USA
OQ280438,USA
OQ280439,USA
OQ280440,USA
OQ280441,USA
OQ280442,USA
OQ280443,USA
OQ280444,USA
OQ280445,USA
OQ280446,USA
OQ280447,USA
OQ280448,USA
OQ280449,USA
OQ280450,USA
OQ280451,USA
OQ280452,USA
OQ280453,USA
OQ280454,USA
OQ280455,USA
OQ280456,USA
OQ280457,USA
OQ280458,USA
OQ280459,USA
OQ280460,USA
OQ280461,USA
OQ280462,USA
OQ280463,USA
OQ280464,USA
OQ280465,USA
OQ280466,USA
OQ280467,USA
OQ280468,USA
OQ280469,USA
OQ280470,USA
OQ280471,USA
OQ280472,USA
OQ280473,USA
OQ280474,USA
OQ280475,USA
OQ280476,USA
OQ280477,USA
OQ280478,USA
OQ280479,USA
OQ280480,USA
OQ280481,USA
OQ280482,USA
OQ280483,USA
OQ280484,USA
OQ280485,USA
OQ280486,USA
OQ280487,USA
OQ280488,USA
OQ280489,USA
OQ280490,USA
OQ280491,USA
OQ280492,USA
OQ280493,USA
OQ280494,USA
OQ280495,USA
OQ280496,USA
OQ280497,USA
OQ280498,USA
OQ280499,USA
OQ280500,USA
OQ280501,USA
OQ280502,USA
OQ280503,USA
OQ280504,USA
OQ280505,USA
OQ280506,USA
OQ280507,USA
OQ280508,USA
OQ280509,USA
OQ280510,USA
OQ280511,USA
OQ280512,USA
OQ280513,USA
OQ280514,USA
OQ280515,USA
OQ280516,USA
OQ280517,USA
OQ280518,USA
OQ280519,USA
OQ280520,USA
OQ280521,USA
OQ280522,USA
OQ280523,USA
OQ280524,USA
OQ280525,USA
OQ280526,USA
OQ280527,USA
OQ280528,USA
OQ280529,USA
OQ280530,USA
OQ280531,USA
OQ280532,USA
OQ280533,USA
OQ280534,USA
OQ280535,USA
OQ280536,USA
OQ280537,USA
OQ280538,USA
OQ280539,USA
OQ280540,USA
OQ280541,USA
OQ280542,USA
OQ280543,USA
OQ280544,USA
OQ280545,USA
OQ280546,USA
OQ280547,USA
OQ280548,USA
OQ280549,USA
OQ280550,USA
OQ280551,USA
OQ280552,USA
OQ280553,USA
OQ280554,USA
OQ280555,USA
OQ280556,USA
OQ280557,USA
OQ280558,USA
OQ280559,USA
OQ280560,USA
OQ280561,USA
OQ280562,USA
OQ280563,USA
OQ280564,USA
OQ280565,USA
OQ280566,USA
OQ280567,USA
OQ280568,USA
OQ280569,USA
OQ280570,USA
OQ280571,USA
OQ280572,USA
OQ280573,USA
OQ280574,USA
OQ280575,USA
OQ280576,USA
OQ280577,USA
OQ280578,USA
OQ280579,USA
OQ280580,USA
OQ280581,USA
OQ280582,USA
OQ280583,USA
OQ280584,USA
OQ280585,USA
OQ280586,USA
OQ280587,USA
OQ280588,USA
OQ280589,USA
OQ280590,USA
OQ280591,USA
OQ280592,USA
OQ280593,USA
OQ280594,USA
OQ280595,USA
OQ280596,USA
OQ280597,USA
OQ280598,USA
OQ280599,USA
OQ280600,USA
OQ280601,USA
OQ280602,USA
OQ280603,USA
OQ280604,USA
OQ280605,USA
OQ280606,USA
OQ280607,USA
OQ280608,USA
OQ280609,USA
OQ280610,USA
OQ280611,USA
OQ280612,USA
OQ280613,USA
OQ280614,USA
OQ280615,USA
OQ280616,USA
OQ280617,USA
OQ280618,USA
OQ280619,USA
OQ280620,USA
OQ280621,USA
OQ280622,USA
OQ280623,USA
OQ280624,USA
OQ280625,USA
OQ280626,USA
OQ280627,USA
OQ280628,USA
OQ280629,USA
OQ280630,USA
OQ280631,USA
OQ280632,USA
OQ280633,USA
OQ280634,USA
OQ280635,USA
OQ280636,USA
OQ280637,USA
OQ280638,USA
OQ280639,USA
OQ280640,USA
OQ280641,USA
OQ280642,USA
OQ280643,USA
OQ280644,USA
OQ280645,USA
OQ280646,USA
OQ280647,USA
OQ280648,USA
OQ280649,USA
OQ280650,USA
OQ280651,USA
OQ280652,USA
OQ280653,USA
OQ280654,USA
OQ280655,USA
OQ280656,USA
OQ280657,USA
OQ280658,USA
OQ280659,USA
OQ280660,USA
OQ280661,USA
OQ280662,USA
OQ280663,USA
OQ280664,USA
OQ280665,USA
OQ280666,USA
OQ280667,USA
OQ280668,USA
OQ280669,USA
OQ280670,USA
OQ280671,USA
OQ280672,USA
OQ280673,USA
OQ280674,USA
OQ280675,USA
OQ280676,USA
OQ280677,USA
OQ280678,USA
OQ280679,USA
OQ280680,USA
OQ280681,USA
OQ280682,USA
OQ280683,USA
OQ280684,USA
OQ280685,USA
OQ280686,USA
OQ280687,USA
OQ280688,USA
OQ280689,USA
OQ280690,USA
OQ280691,USA
OQ280692,USA
OQ280693,USA
OQ280694,USA
OQ280695,USA
OQ280696,USA
OQ280697,USA
OQ280698,USA
OQ280699,USA
OQ280700,USA
OQ280701,USA
OQ280702,USA
OQ280703,USA
OQ280704,USA
OQ280705,USA
OQ280706,USA
OQ280707,USA
OQ280708,USA
OQ280709,USA
OQ280710,USA
OQ280711,USA
OQ280712,USA
OQ280713,USA
OQ280714,USA
OQ280715,USA
OQ280716,USA
OQ280717,USA
OQ280718,USA
OQ280719,USA
OQ280720,USA
OQ280721,USA
OQ280722,USA
OQ280723,USA
OQ280724,USA
OQ280725,USA
OQ280726,USA
OQ280727,USA
OQ280728,USA
OQ280729,USA
OQ280730,USA
OQ280731,USA
OQ280732,USA
OQ280733,USA
OQ280734,USA
OQ280735,USA
OQ280736,USA
OQ280737,USA
OQ280738,USA
OQ280739,USA
OQ280740,South Africa
OQ280741,South Africa
OQ280742,South Africa
OQ280743,South Africa
OQ280744,South Africa
OQ280745,South Africa
OQ280746,South Africa
OQ280747,South Africa
OQ280748,South Africa
OQ280749,South Africa
OQ280750,South Africa
OQ280751,South Africa
OQ280752,South Africa
OQ280753,South Africa
OQ280754,South Africa
OQ280755,South Africa
OQ280756,South Africa
OQ280757,South Africa
OQ280758,South Africa
OQ280759,South Africa
OQ280760,South Africa
OQ280761,South Africa
OQ280762,South Africa
OQ280763,South Africa
OQ280764,South Africa
OQ280765,South Africa
OQ280766,South Africa
OQ280767,South Africa
OQ280768,South Africa
OQ280769,South Africa
OQ280770,South Africa
OQ280771,South Africa
OQ280772,South Africa
OQ280773,South Africa
OQ280774,South Africa
OQ280775,South Africa
OQ280776,South Africa
OQ280777,South Africa
OQ280778,South Africa
OQ280779,South Africa
OQ280780,South Africa
OQ280781,South Africa
OQ280782,South Africa
OQ280783,South Africa
OQ280784,South Africa
OQ280785,South Africa
OQ280786,South Africa
OQ280787,South Africa
OQ280788,South Africa
OQ280789,South Africa
OQ280790,South Africa
OQ280791,South Africa
OQ280792,South Africa
OQ280793,South Africa
OQ280794,South Africa
OQ280795,South Africa
OQ280796,South Africa
OQ280797,South Africa
OQ280798,South Africa
OQ280799,South Africa
OQ280800,South Africa
OQ280801,South Africa
OQ280802,South Africa
OQ280803,South Africa
OQ280804,South Africa
OQ280805,South Africa
OQ280806,South Africa
OQ280807,South Africa
OQ280808,South Africa
OQ280809,South Africa
OQ280810,South Africa
OQ280811,South Africa
OQ280812,South Africa
OQ357795,USA
OQ357796,USA
OQ357797,USA
OR143225,USA
OR143226,USA
OR143227,USA
OR143229,USA
OR143230,USA
OR143231,USA
OR143232,USA
OR143233,USA
OR143234,USA
OR143235,USA
OR143236,USA
OR143237,USA
OR143238,USA
OR143239,USA
OR143240,USA
OR143241,USA
OR143246,USA
OR143247,USA
OR143248,USA
OR162282,Kenya
OR162283,Kenya
OR162284,Kenya
OR162285,Kenya
OR162286,Kenya
OR162287,Kenya
OR162288,Kenya
OR162289,Kenya
OR162290,Kenya
OR162291,Kenya
OR162292,Kenya
OR162293,Kenya
OR162294,Kenya
OR162295,Kenya
OR162296,Kenya
OR162297,Kenya
OR162298,Kenya
OR162299,Kenya
OR162300,Kenya
OR162301,Kenya
OR162302,Kenya
OR162303,Kenya
OR162304,Kenya
OR162305,Kenya
OR162306,Kenya
OR162307,Kenya
OR326729,USA
OR326730,USA
OR326781,USA
OR326782,USA
OR326785,USA
OR326788,USA
OR326790,USA
OR326794,USA
OR326800,USA
OR326801,USA
OR326802,USA
OR326803,USA
OR326806,USA
OR326807,USA
OR326810,USA
OR326814,USA
OR326817,USA
OR326820,USA
OR326822,USA
OR326823,USA
OR326824,USA
OR326825,USA
OR326826,USA
OR326827,USA
OR326828,USA
OR326832,USA
OR326835,USA
OR326841,USA
OR326842,USA
OR326845,USA
OR326846,USA
OR522535,USA
OR522536,USA
OR522537,USA
OR522538,USA
OR522540,USA
OR522542,USA
OR522543,USA
OR522545,USA
OR522546,USA
RSV015,USA - NMH
RSV021,USA - NMH
RSV024,USA - NMH
RSV039,USA - NMH
RSV053,USA - NMH
RSV055,USA - NMH
RSV067,USA - NMH
RSV081,USA - NMH
RSV085,USA - NMH
RSV106,USA - NMH
RSV109,USA - NMH
RSV111,USA - NMH
RSV112,USA - NMH
RSV113,USA - NMH
RSV115,USA - NMH
RSV127,USA - NMH
RSV137,USA - NMH
RSV140,USA - NMH
RSV141,USA - NMH
RSV142,USA - NMH
RSV143,USA - NMH
RSV145,USA - NMH
RSV149,USA - NMH
RSV152,USA - NMH
RSV163,USA - NMH
RSV164,USA - NMH
RSV168,USA - NMH
RSV171,USA - NMH
RSV177,USA - NMH
RSV185,USA - NMH
RSV190,USA - NMH
RSV203,USA - NMH
RSV208,USA - NMH
RSV214,USA - NMH
RSV222,USA - NMH
RSV235,USA - NMH
RSV246,USA - NMH
RSV247,USA - NMH
RSV250,USA - NMH
RSV252,USA - NMH
RSV253,USA - NMH
RSV255,USA - NMH
RSV256,USA - NMH
RSV260,USA - NMH
RSV267,USA - NMH
RSV272,USA - NMH
RSV280,USA - NMH
RSV292,USA - NMH
RSV296,USA - NMH
RSV298,USA - NMH
RSV299,USA - NMH
RSV303,USA - NMH
RSV310,USA - NMH
RSV311,USA - NMH
RSV313,USA - NMH
RSV314,USA - NMH
RSV316,USA - NMH
RSV317,USA - NMH
RSV320,USA - NMH
RSV321,USA - NMH
RSV323,USA - NMH
RSV324,USA - NMH
RSV326,USA - NMH
RSV327,USA - NMH
RSV329,USA - NMH
RSV333,USA - NMH
RSV335,USA - NMH
RSV337,USA - NMH
RSV340,USA - NMH
RSV341,USA - NMH
RSV342,USA - NMH
RSV345,USA - NMH
RSV347,USA - NMH
RSV348,USA - NMH
RSV351,USA - NMH
RSV353,USA - NMH
RSV355,USA - NMH
RSV356,USA - NMH
RSV357,USA - NMH
RSV358,USA - NMH
RSV360,USA - NMH
RSV361,USA - NMH
RSV366,USA - NMH
RSV368,USA - NMH
RSV370,USA - NMH
RSV373,USA - NMH
RSV374,USA - NMH
RSV375,USA - NMH
RSV379,USA - NMH
RSV381,USA - NMH
RSV382,USA - NMH
RSV383,USA - NMH
RSV385,USA - NMH
RSV387,USA - NMH
RSV389,USA - NMH
RSV394,USA - NMH
RSV400,USA - NMH
RSV401,USA - NMH
RSV446,USA - NMH
RSV458,USA - NMH
RSV463,USA - NMH
RSV476,USA - NMH
RSV509,USA - NMH
RSV520,USA - NMH
RSV525,USA - NMH
RSV536,USA - NMH
RSV537,USA - NMH
RSV551,USA - NMH